t (min),T (C),m (mg)
0.0,30.0,19.999829989323953
0.03234950808737693,30.485242621310654,19.999829978647906
0.0646990161747541,30.97048524262131,19.999829967451888
0.09704852426213104,31.455727863931966,19.999829955712357
0.1293980323495082,31.940970485242623,19.99982994340479
0.16174754043688513,32.42621310655328,19.999829930503633
0.19409704852426207,32.91145572786393,19.99982991698229
0.226446556611639,33.396698349174585,19.999829902813048
0.2587960646990164,33.881940970485246,19.999829887967067
0.29114557278639336,34.3671835917959,19.999829872414317
0.32349508087377027,34.852426213106554,19.99982985612354
0.3558445889611472,35.33766883441721,19.999829839062212
0.38819409704852414,35.82291145572786,19.99982982119648
0.42054360513590155,36.30815407703852,19.99982980249113
0.45289311322327847,36.79339669834918,19.999829782909522
0.48524262131065543,37.27863931965983,19.99982976241354
0.5175921293980323,37.763881940970485,19.999829740963552
0.5499416374854093,38.24912456228114,19.99982971851834
0.5822911455727867,38.7343671835918,19.999829695035046
0.6146406536601632,39.21960980490245,19.99982967046912
0.6469901617475405,39.70485242621311,19.999829644774245
0.6793396698349174,40.19009504752376,19.999829617902282
0.7116891779222944,40.675337668834416,19.999829589803213
0.7440386860096714,41.16058029014507,19.999829560425056
0.7763881940970483,41.645822911455724,19.999829529713807
0.8087377021844256,42.131065532766385,19.99982949761337
0.8410872102718027,42.61630815407704,19.99982946406547
0.8734367183591796,43.10155077538769,19.999829429009594
0.9057862264465565,43.58679339669835,19.999829392382903
0.9381357345339334,44.072036018009,19.999829354120145
0.9704852426213109,44.55727863931966,19.999829314153587
1.0028347507086877,45.042521260630316,19.99982927241291
1.0351842587960647,45.52776388194097,19.999829228825142
1.0675337668834417,46.013006503251624,19.999829183314542
1.0998832749708185,46.49824912456228,19.99982913580253
1.132232783058196,46.98349174587294,19.999829086207562
1.164582291145573,47.46873436718359,19.99982903444506
1.1969317992329498,47.95397698849425,19.999828980427285
1.2292813073203268,48.4392196098049,19.99982892406324
1.2616308154077036,48.924462231115555,19.999828865258564
1.293980323495081,49.409704852426216,19.99982880391541
1.3263298315824577,49.89494747373686,19.99982873993233
1.358679339669835,50.380190095047524,19.999828673204163
1.391028847757212,50.86543271635818,19.999828603621904
1.4233783558445887,51.35067533766883,19.99982853107258
1.4557278639319662,51.83591795897949,19.999828455439115
1.4880773720193428,52.32116058029014,19.999828376600206
1.52042688010672,52.8064032016008,19.99982829443017
1.552776388194097,53.291645822911455,19.99982820879881
1.585125896281474,53.77688844422211,19.999828119571273
1.6174754043688513,54.26213106553277,19.99982802660788
1.6498249124562279,54.74737368684342,19.999827929763992
1.6821744205436053,55.23261630815408,19.999827828889842
1.7145239286309821,55.71785892946473,19.99982772383036
1.7468734367183592,56.203101550775386,19.999827614425026
1.7792229448057364,56.68834417208605,19.999827500507678
1.811572452893113,57.173586793396694,19.999827381906332
1.8439219609804904,57.658829414707355,19.99982725844302
1.8762714690678672,58.14407203601801,19.999827129933568
1.9086209771552443,58.62931465732866,19.99982699618743
1.940970485242621,59.11455727863932,19.99982685700748
1.973319993329998,59.59979989994997,19.9998267121898
2.0056695014173753,60.08504252126063,19.99982656152347
2.0380190095047523,60.57028514257129,19.99982640479036
2.0703685175921294,61.05552776388194,19.999826241764897
2.1027180256795064,61.540770385192594,19.999826072213846
2.1350675337668834,62.02601300650325,19.99982589589607
2.1674170418542604,62.51125562781391,19.99982571256228
2.1997665499416375,62.99649824912456,19.999825521954804
2.2321160580290145,63.48174087043522,19.999825323807322
2.2644655661163915,63.96698349174587,19.999825117844605
2.2968150742037685,64.45222611305653,19.999824903782248
2.329164582291146,64.93746873436719,19.999824681326395
2.361514090378523,65.42271135567785,19.99982445017345
2.3938635984658996,65.9079539769885,19.999824210009802
2.426213106553276,66.39319659829914,19.999823960511506
2.4585626146406536,66.8784392196098,19.999823701343992
2.490912122728031,67.36368184092046,19.99982343216175
2.523261630815407,67.84892446223111,19.999823152608002
2.5556111389027847,68.33416708354177,19.999822862314367
2.587960646990162,68.81940970485243,19.99982256090054
2.6203101550775387,69.30465232616308,19.99982224797393
2.6526596631649153,69.78989494747373,19.999821923129304
2.6850091712522937,70.2751375687844,19.999821585948418
2.71735867933967,70.76038019009505,19.99982123599966
2.7497081874270464,71.2456228114057,19.99982087283765
2.782057695514424,71.73086543271636,19.999820496002837
2.8144072036018013,72.21610805402702,19.999820105021115
2.8467567116891774,72.70135067533766,19.9998196994034
2.879106219776555,73.18659329664833,19.9998192786452
2.9114557278639324,73.67183591795899,19.99981884222619
2.943805235951309,74.15707853926963,19.99981838960975
2.9761547440386855,74.64232116058028,19.99981792024252
3.008504252126063,75.12756378189094,19.999817433553932
3.04085376021344,75.6128064032016,19.99981692895572
3.0732032683008166,76.09804902451225,19.999816405841443
3.105552776388194,76.58329164582291,19.999815863585958
3.1379022844755715,77.06853426713357,19.999815301544924
3.170251792562948,77.55377688844422,19.99981471905427
3.202601300650325,78.03901950975488,19.999814115429643
3.2349508087377026,78.52426213106554,19.999813489965863
3.267300316825079,79.00950475237619,19.999812841936354
3.2996498249124557,79.49474737368683,19.99981217059255
3.331999332999833,79.9799899949975,19.999811475163323
3.3643488410872107,80.46523261630816,19.99981075485435
3.396698349174587,80.9504752376188,19.99981000884751
3.4290478572619643,81.43571785892946,19.999809236300223
3.4613973653493417,81.92096048024013,19.999808436344814
3.4937468734367183,82.40620310155077,19.999807608087835
3.5260963815240944,82.89144572286142,19.999806750609384
3.558445889611473,83.3766883441721,19.999805862962408
3.5907953976988494,83.86193096548274,19.999804944171974
3.623144905786226,84.34717358679339,19.999803993234547
3.6554944138736034,84.83241620810405,19.99980300911724
3.687843921960981,85.31765882941471,19.99980199075704
3.720193430048357,85.80290145072536,19.999800937060026
3.7525429381357345,86.28814407203602,19.99979984690057
3.784892446223112,86.77338669334668,19.999798719120506
3.8172419543104885,87.25862931465733,19.999797552528307
3.849591462397865,87.74387193596797,19.999796345898208
3.881940970485242,88.22911455727863,19.999795097969344
3.9142904785726196,88.7143571785893,19.999793807444846
3.946639986659996,89.19959979989994,19.999792472990922
3.9789894947473736,89.6848424212106,19.99979109323592
4.011339002834751,90.17008504252126,19.999789666769377
4.043688510922127,90.65532766383191,19.999788192141033
4.076038019009505,91.14057028514257,19.99978666785983
4.108387527096882,91.62581290645323,19.99978509239289
4.140737035184259,92.11105552776388,19.999783464164473
4.173086543271635,92.59629814907453,19.999781781554905
4.205436051359013,93.08154077038519,19.99978004289949
4.23778555944639,93.56678339169585,19.9997782464874
4.270135067533767,94.0520260130065,19.999776390560523
4.302484575621144,94.53726863431716,19.99977447331231
4.334834083708521,95.02251125562782,19.999772492886592
4.367183591795897,95.50775387693847,19.999770447376356
4.399533099883275,95.99299649824913,19.999768334822512
4.4318826079706515,96.47823911955977,19.99976615321263
4.464232116058029,96.96348174087044,19.999763900479643
4.496581624145406,97.4487243621811,19.999761574500535
4.528931132232783,97.93396698349174,19.999759173094994
4.5612806403201605,98.4192096048024,19.99975669402403
4.593630148407537,98.90445222611305,19.99975413498858
4.6259796564949145,99.38969484742371,19.999751493628075
4.658329164582292,99.87493746873437,19.99974876751898
4.690678672669668,100.36018009004502,19.999745954173296
4.723028180757045,100.84542271135568,19.999743051037044
4.755377688844422,101.33066533266633,19.99974005548872
4.787727196931799,101.81590795397699,19.999736964837687
4.820076705019176,102.30115057528764,19.999733776322582
4.852426213106553,102.7863931965983,19.99973048710966
4.884775721193931,103.27163581790896,19.9997270942911
4.917125229281307,103.7568784392196,19.999723594883307
4.949474737368685,104.24212106053027,19.99971998582515
4.981824245456061,104.72736368184091,19.999716263976172
5.014173753543438,105.21260630315157,19.999712426114783
5.046523261630815,105.69784892446224,19.9997084689364
5.078872769718192,106.18309154577288,19.99970438905154
5.111222277805569,106.66833416708354,19.999700182983908
5.143571785892946,107.15357678839419,19.99969584716841
5.175921293980323,107.63881940970485,19.999691377949166
5.208270802067701,108.12406203101551,19.999686771577437
5.2406203101550775,108.60930465232616,19.999682024209577
5.272969818242455,109.09454727363682,19.999677131904864
5.3053193263298315,109.57978989494747,19.999672090623367
5.337668834417209,110.06503251625813,19.999666896223726
5.3700183425045855,110.55027513756879,19.99966154446089
5.402367850591962,111.03551775887944,19.999656030983836
5.43471735867934,111.5207603801901,19.999650351333237
5.467066866766716,112.00600300150074,19.999644500939066
5.499416374854094,112.4912456228114,19.99963847511817
5.531765882941471,112.97648824412207,19.999632269071817
5.564115391028848,113.46173086543271,19.99962587788315
5.596464899116225,113.94697348674337,19.999619296514645
5.628814407203602,114.43221610805402,19.99961251980549
5.661163915290979,114.91745872936468,19.999605542468903
5.693513423378355,115.40270135067533,19.999598359089468
5.725862931465732,115.88794397198599,19.999590964120323
5.75821243955311,116.37318659329665,19.999583351880382
5.790561947640486,116.8584292146073,19.999575516551456
5.822911455727864,117.34367183591796,19.99956745217535
5.85526096381524,117.8289144572286,19.999559152650875
5.887610471902618,118.31415707853927,19.999550611730854
5.919959979989995,118.79939969984993,19.99954182301902
5.952309488077372,119.28464232116058,19.999532779966895
5.984658996164749,119.76988494247124,19.999523475870603
6.017008504252126,120.25512756378188,19.99951390386762
6.0493580123395025,120.74037018509254,19.99950405693348
6.08170752042688,121.2256128064032,19.999493927878397
6.114057028514257,121.71085542771385,19.999483509343868
6.146406536601634,122.19609804902451,19.999472793799168
6.178756044689011,122.68134067033516,19.99946177353782
6.211105552776388,123.16658329164582,19.999450440673986
6.243455060863766,123.65182591295648,19.99943878713881
6.275804568951142,124.13706853426713,19.999426804676666
6.30815407703852,124.62231115557779,19.99941448484138
6.340503585125896,125.10755377688844,19.99940181899237
6.372853093213274,125.5927963981991,19.9993887982907
6.40520260130065,126.07803901950976,19.9993754136951
6.437552109388027,126.5632816408204,19.99936165595789
6.469901617475404,127.04852426213107,19.99934751562087
6.502251125562781,127.53376688344171,19.99933298301108
6.534600633650158,128.01900950475238,19.999318048236567
6.566950141737535,128.50425212606302,19.999302701182007
6.5992996498249115,128.98949474737367,19.99928693150429
6.63164915791229,129.47473736868434,19.99927072862804
6.663998665999666,129.959979989995,19.99925408174104
6.696348174087045,130.44522261130567,19.999236979789575
6.728697682174421,130.9304652326163,19.999219411473728
6.761047190261797,131.41570785392696,19.999201365242566
6.793396698349174,131.9009504752376,19.999182829289268
6.82574620643655,132.38619309654825,19.99916379154616
6.8580957145239285,132.87143571785893,19.99914423967968
6.890445222611305,133.35667833916958,19.99912416108525
6.9227947306986835,133.84192096048025,19.99910354288207
6.95514423878606,134.3271635817909,19.999082371907836
6.987493746873437,134.81240620310155,19.999060634713345
7.019843254960813,135.2976488244122,19.999038317557048
7.052192763048189,135.78289144572284,19.999015406399497
7.084542271135567,136.26813406703351,19.998991886897695
7.116891779222946,136.7533766883442,19.998967744399387
7.149241287310322,137.23861930965484,19.99894296393721
7.181590795397699,137.72386193096548,19.998917530222812
7.213940303485075,138.20910455227613,19.99889142764082
7.246289811572452,138.69434717358678,19.99886464024277
7.27863931965983,139.17958979489745,19.99883715174086
7.310988827747207,139.6648324162081,19.99880894550172
7.343338335834585,140.15007503751877,19.998780004539974
7.375687843921962,140.63531765882942,19.99875031151177
7.408037352009338,141.12056028014007,19.998719848708188
7.440386860096714,141.60580290145072,19.998688598048535
7.472736368184091,142.09104552276136,19.99865654107357
7.505085876271469,142.57628814407204,19.998623658938598
7.5374353843588455,143.06153076538268,19.998589932406453
7.569784892446224,143.54677338669336,19.998555341840405
7.6021344005336005,144.032016008004,19.998519867196933
7.634483908620977,144.51725862931465,19.998483488018397
7.666833416708354,145.0025012506253,19.998446183425596
7.69918292479573,145.48774387193595,19.998407932110233
7.7315324328831085,145.97298649324662,19.99836871232723
7.763881940970484,146.45822911455727,19.99832850188698
7.796231449057863,146.94347173586794,19.99828727814743
7.828580957145239,147.4287143571786,19.99824501800607
7.860930465232616,147.91395697848924,19.998201697891833
7.893279973319992,148.39919959979989,19.998157293756826
7.925629481407369,148.88444222111053,19.998111781067955
7.957978989494747,149.3696848424212,19.998065134798463
7.990328497582126,149.85492746373188,19.99801732941929
8.022678005669501,150.34017008504253,19.997968338890352
8.055027513756878,150.82541270635318,19.997918136651656
8.087377021844254,151.31065532766382,19.99786669561433
8.119726529931631,151.79589794897447,19.997813988151492
8.15207603801901,152.28114057028515,19.997759986088983
8.184425546106386,152.7663831915958,19.99770466069601
8.216775054193764,153.25162581290647,19.997647982675602
8.24912456228114,153.73686843421712,19.997589922154976
8.281474070368517,154.22211105552776,19.997530448675732
8.313823578455894,154.7073536768384,19.99746953118395
8.34617308654327,155.19259629814906,19.99740713802009
8.378522594630649,155.67783891945973,19.99734323690881
8.410872102718026,156.16308154077038,19.99727779494862
8.443221610805404,156.64832416208105,19.997210778601364
8.47557111889278,157.1335667833917,19.99714215368161
8.507920626980157,157.61880940470235,19.99707188534585
8.540270135067534,158.104052026013,19.996999938081565
8.572619643154912,158.58929464732367,19.99692627569616
8.604969151242289,159.07453726863432,19.996850861305713
8.637318659329663,159.55977988994496,19.996773657323594
8.669668167417042,160.04502251125564,19.996694625448928
8.702017675504418,160.53026513256629,19.9966137266549
8.734367183591795,161.01550775387693,19.996530921176888
8.766716691679171,161.50075037518758,19.996446168500473
8.79906619976655,161.98599299649825,19.996359427349237
8.831415707853926,162.4712356178089,19.99627065567246
8.863765215941303,162.95647823911955,19.9961798106326
8.896114724028681,163.44172086043022,19.996086848592626
8.928464232116058,163.92696348174087,19.9959917251032
8.960813740203434,164.41220610305152,19.995894394889675
8.993163248290813,164.8974487243622,19.99579481183892
9.02551275637819,165.38269134567284,19.995692928985985
9.057862264465566,165.8679339669835,19.995588698500573
9.090211772552943,166.35317658829413,19.99548207167337
9.122561280640321,166.8384192096048,19.995372998902166
9.154910788727697,167.32366183091546,19.99526142967781
9.187260296815074,167.8089044522261,19.99514731257
9.219609804902452,168.29414707353678,19.995030595212857
9.251959312989829,168.77938969484742,19.994911224290345
9.284308821077206,169.26463231615807,19.994789145521505
9.316658329164584,169.74987493746875,19.99466430364549
9.349007837251959,170.2351175587794,19.994536642406402
9.381357345339335,170.72036018009004,19.99440610453798
9.413706853426712,171.2056028014007,19.99427263174805
9.44605636151409,171.69084542271136,19.994136164702805
9.478405869601467,172.176088044022,19.9939966430109
9.510755377688843,172.66133066533266,19.993854005207318
9.543104885776222,173.14657328664333,19.993708188737074
9.575454393863598,173.63181590795398,19.993559129938696
9.607803901950975,174.11705852926463,19.993406764027505
9.640153410038351,174.60230115057527,19.993251025078706
9.67250291812573,175.08754377188595,19.99309184601026
9.704852426213106,175.5727863931966,19.992929158565556
9.737201934300483,176.05802901450724,19.992762893295875
9.769551442387861,176.54327163581792,19.992592979542632
9.801900950475238,177.02851425712856,19.99241934541943
9.834250458562614,177.5137568784392,19.992241917793876
9.866599966649993,177.99899949974989,19.992060622269193
9.89894947473737,178.48424212106053,19.991875383165613
9.931298982824746,178.96948474237118,19.991686123501555
9.963648490912123,179.45472736368183,19.99149276497458
9.995997998999501,179.9399699849925,19.991295227942118
10.028347507086876,180.42521260630315,19.991093431401982
10.060697015174252,180.9104552276138,19.990887292972637
10.09304652326163,181.39569784892447,19.99067672887328
10.125396031349007,181.88094047023512,19.990461653903637
10.157745539436384,182.36618309154576,19.99024198142358
10.190095047523762,182.85142571285644,19.990017623332484
10.222444555611139,183.3366683341671,19.989788490048344
10.254794063698515,183.82191095547773,19.989554490486686
10.287143571785892,184.30715357678838,19.989315532039207
10.31949307987327,184.79239619809906,19.9890715205522
10.351842587960647,185.2776388194097,19.988822360304727
10.384192096048023,185.76288144072035,19.988567953986546
10.416541604135402,186.24812406203102,19.988308202675803
10.448891112222778,186.73336668334167,19.988043005816472
10.481240620310155,187.21860930465232,19.98777226119556
10.513590128397531,187.70385192596297,19.98749586492002
10.54593963648491,188.18909454727364,19.987213711393498
10.578289144572286,188.6743371685843,19.986925693292715
10.610638652659663,189.15957978989493,19.9866317015437
10.642988160747041,189.6448224112056,19.986331625297698
10.675337668834418,190.13006503251626,19.986025351906843
10.707687176921793,190.6153076538269,19.98571276689959
10.740036685009171,191.10055027513758,19.985393753955844
10.772386193096548,191.58579289644823,19.985068194881876
10.804735701183924,192.07103551775887,19.984735969584936
10.8370852092713,192.55627813906952,19.984396956047615
10.86943471735868,193.0415207603802,19.984051030301952
10.901784225446056,193.52676338169084,19.98369806640324
10.934133733533432,194.0120060030015,19.983337936403608
10.96648324162081,194.49724862431216,19.982970510325288
10.998832749708187,194.9824912456228,19.982595656133633
11.031182257795564,195.46773386693346,19.98221323970985
11.063531765882942,195.95297648824413,19.981823124823475
11.095881273970319,196.43821910955478,19.981425173104544
11.128230782057695,196.92346173086543,19.9810192440155
11.160580290145072,197.40870435217607,19.98060519482282
11.19292979823245,197.89394697348675,19.98018288056837
11.225279306319827,198.3791895947974,19.979752154040444
11.257628814407203,198.86443221610804,19.97931286574455
11.289978322494582,199.34967483741872,19.97886486387391
11.322327830581958,199.83491745872936,19.97840799427965
11.354677338669335,200.32016008004,19.97794210044072
11.38702684675671,200.80540270135066,19.977467023433523
11.419376354844088,201.29064532266133,19.976982601901245
11.451725862931465,201.77588794397198,19.9764886720229
11.484075371018841,202.26113056528263,19.975985067482085
11.51642487910622,202.7463731865933,19.975471619435424
11.548774387193596,203.23161580790395,19.974948156480746
11.581123895280973,203.7168584292146,19.974414504624928
11.613473403368351,204.20210105052527,19.97387048725148
11.645822911455728,204.68734367183592,19.973315925087803
11.678172419543104,205.17258629314657,19.972750636172165
11.71052192763048,205.6578289144572,19.972174435820353
11.74287143571786,206.1430715357679,19.971587136592063
11.775220943805236,206.62831415707853,19.970988548256944
11.807570451892612,207.11355677838918,19.970378477760374
11.83991995997999,207.59879939969986,19.969756729188905
11.872269468067367,208.0840420210105,19.96912310373543
11.904618976154744,208.56928464232115,19.968477399664014
11.936968484242122,209.05452726363183,19.967819412274444
11.969317992329499,209.53976988494247,19.967148933866472
12.001667500416875,210.02501250625312,19.966465753703723
12.034017008504252,210.51025512756377,19.96576965797733
12.06636651659163,210.99549774887444,19.96506042976924
12.098716024679005,211.4807403701851,19.96433784901521
12.131065532766382,211.96598299149574,19.96360169246751
12.16341504085376,212.4512256128064,19.962851733657303
12.195764548941137,212.93646823411706,19.962087742856713
12.228114057028513,213.4217108554277,19.961309487040594
12.260463565115892,213.90695347673838,19.960516729847985
12.292813073203268,214.39219609804903,19.959709231543247
12.325162581290645,214.87743871935967,19.958886748976894
12.357512089378021,215.36268134067032,19.95804903554612
12.3898615974654,215.847923961981,19.957195841155013
12.422211105552776,216.33316658329164,19.95632691217444
12.454560613640153,216.8184092046023,19.95544199140166
12.486910121727531,217.30365182591297,19.954540818019588
12.519259629814908,217.7888944472236,19.95362312755577
12.551609137902284,218.27413706853426,19.952688651841047
12.58395864598966,218.7593796898449,19.95173711896791
12.61630815407704,219.24462231115558,19.95076825324854
12.648657662164416,219.72986493246623,19.94978177517255
12.681007170251792,220.21510755377687,19.948777401364413
12.71335667833917,220.70035017508755,19.947754844540587
12.745706186426547,221.1855927963982,19.94671381346633
12.778055694513922,221.67083541770884,19.945654012912232
12.8104052026013,222.15607803901952,19.944575143610408
12.842754710688677,222.64132066033017,19.943476902210403
12.875104218776054,223.1265632816408,19.942358981234825
12.90745372686343,223.61180590295146,19.941221069034636
12.939803234950809,224.09704852426214,19.940062849744173
12.972152743038185,224.58229114557278,19.938884003235838
13.004502251125562,225.06753376688343,19.937684205074554
13.03685175921294,225.5527763881941,19.936463126471864
13.069201267300317,226.03801900950475,19.935220434239763
13.101550775387693,226.5232616308154,19.933955790744267
13.133900283475072,227.00850425212607,19.932668853858633
13.166249791562448,227.49374687343672,19.931359276916364
13.198599299649825,227.97898949474737,19.93002670866387
13.230948807737201,228.464232116058,19.92867079321289
13.26329831582458,228.9494747373687,19.927291169992618
13.295647823911956,229.43471735867934,19.925887473701533
13.327997331999333,229.91995997998998,19.924459334259012
13.360346840086711,230.40520260130066,19.923006376756607
13.392696348174088,230.8904452226113,19.92152822140911
13.425045856261464,231.37568784392195,19.9200244835053
13.457395364348843,231.86093046523263,19.918494773358493
13.489744872436217,232.34617308654327,19.91693869625677
13.522094380523594,232.83141570785392,19.915355852412993
13.55444388861097,233.31665832916457,19.913745836914554
13.586793396698349,233.80190095047524,19.912108239672886
13.619142904785726,234.2871435717859,19.910442645372715
13.651492412873102,234.77238619309654,19.9087486334211
13.68384192096048,235.2576288144072,19.907025777896212
13.716191429047857,235.74287143571786,19.905273647495896
13.748540937135234,236.2281140570285,19.903491805486013
13.78089044522261,236.71335667833915,19.901679809648545
13.813239953309989,237.19859929964983,19.8998372122295
13.845589461397365,237.68384192096048,19.897963559886602
13.877938969484742,238.16908454227112,19.896058393636768
13.91028847757212,238.6543271635818,19.89412124880341
13.942637985659497,239.13956978489244,19.89215165496349
13.974987493746873,239.6248124062031,19.890149135894475
14.007337001834252,240.11005502751377,19.888113209521
14.039686509921628,240.5952976488244,19.88604338786145
14.072036018009005,241.08054027013506,19.883939176974327
14.104385526096381,241.5657828914457,19.88180007690445
14.13673503418376,242.05102551275638,19.879625581629035
14.169084542271134,242.53626813406703,19.877415179003574
14.201434050358511,243.02151075537768,19.875168350707625
14.23378355844589,243.50675337668835,19.872884572190433
14.266133066533266,243.991995997999,19.870563312616433
14.298482574620643,244.47723861930965,19.868204034810645
14.330832082708021,244.96248124062032,19.865806195203948
14.363181590795397,245.44772386193097,19.863369243778255
14.395531098882774,245.93296648324161,19.860892624011587
14.42788060697015,246.41820910455226,19.8583757728231
14.460230115057529,246.90345172586294,19.855818120517963
14.492579623144906,247.38869434717358,19.853219090732257
14.524929131232282,247.87393696848423,19.85057810037775
14.55727863931966,248.3591795897949,19.84789455958667
14.589628147407037,248.84442221110555,19.84516787165641
14.621977655494414,249.3296648324162,19.842397432994233
14.65432716358179,249.81490745372685,19.839582633061934
14.686676671669169,250.30015007503752,19.83672285432055
14.719026179756545,250.78539269634817,19.833817472175
14.751375687843922,251.27063531765882,19.830865854918823
14.7837251959313,251.7558779389695,19.827867363678898
14.816074704018677,252.24112056028014,19.824821352360217
14.848424212106051,252.72636318159078,19.82172716759073
14.88077372019343,253.21160580290146,19.818584148666236
14.913123228280806,253.6968484242121,19.815391627495373
14.945472736368183,254.18209104552275,19.81214892854469
14.97782224445556,254.6673336668334,19.808855368783853
15.010171752542938,255.15257628814408,19.80551025763094
15.042521260630314,255.63781890945472,19.80211289689788
15.074870768717691,256.12306153076537,19.798662580736096
15.107220276805068,256.608304152076,19.79515859558223
15.139569784892448,257.0935467733867,19.79160022010411
15.17191929297982,257.5787893946973,19.787986725146926
15.204268801067201,258.064032016008,19.784317373679553
15.236618309154577,258.54927463731866,19.780591420741178
15.268967817241954,259.0345172586293,19.77680811338815
15.30131732532933,259.51975987993995,19.772966690641073
15.333666833416707,260.0050025012506,19.769066383432218
15.366016341504087,260.4902451225613,19.76510641455322
15.39836584959146,260.9754877438719,19.761085998603097
15.43071535767884,261.4607303651826,19.757004341936604
15.463064865766217,261.94597298649325,19.752860642612955
15.495414373853594,262.4312156078039,19.74865409034492
15.527763881940968,262.91645822911454,19.744383866448324
15.560113390028345,263.4017008504252,19.740049143791946
15.592462898115725,263.8869434717359,19.735649086747895
15.624812406203098,264.3721860930465,19.7311828511424
15.657161914290478,264.8574287143572,19.726649584207145
15.689511422377855,265.34267133566783,19.72204842453104
15.721860930465231,265.8279139569785,19.717378502012572
15.754210438552612,266.3131565782892,19.7126389378127
15.786559946639985,266.79839919959977,19.7078288443083
15.818909454727365,267.2836418209105,19.70294732504625
15.851258962814738,267.76888444222107,19.69799347469809
15.883608470902118,268.25412706353177,19.692966379015388
15.915957978989494,268.7393696848424,19.687865114785737
15.948307487076871,269.22461230615306,19.682688749789477
15.980656995164251,269.70985492746377,19.67743634275713
16.013006503251624,270.19509754877436,19.67210694332762
16.045356011339003,270.68034017008506,19.66669959200723
16.07770551942638,271.1655827913957,19.661213320129416
16.110055027513756,271.65082541270635,19.65564714981544
16.142404535601134,272.136068034017,19.650000093935866
16.17475404368851,272.62131065532765,19.644271156072964
16.20710355177589,273.10655327663835,19.638459330484064
16.239453059863262,273.59179589794894,19.63256360206582
16.271802567950644,274.07703851925964,19.626582946319516
16.30415207603802,274.5622811405703,19.620516329317375
16.336501584125397,275.04752376188094,19.614362707669926
16.368851092212772,275.5327663831916,19.60812102849445
16.40120060030015,276.01800900450223,19.601790229384576
16.43355010838753,276.50325162581294,19.595369238381007
16.465899616474903,276.9884942471235,19.588856973943457
16.49824912456228,277.47373686843423,19.582252344923806
16.53059863264966,277.9589794897449,19.575554250540524
16.562948140737035,278.4442221110555,19.56876158035439
16.59529764882441,278.92946473236617,19.56187321424557
16.627647156911788,279.4147073536768,19.554888022392024
16.659996664999166,279.8999499749875,19.54780486524938
16.69234617308654,280.3851925962981,19.540622593532227
16.72469568117392,280.8704352176088,19.533340048196923
16.757045189261298,281.35567783891946,19.525956060425905
16.789394697348673,281.8409204602301,19.518469451613615
16.82174420543605,282.32616308154076,19.510879033354005
16.854093713523426,282.8114057028514,19.503183607429712
16.886443221610808,283.2966483241621,19.49538196580295
16.91879272969818,283.7818909454727,19.48747289060811
16.95114223778556,284.2671335667834,19.4794551541462
16.983491745872936,284.75237618809405,19.471327518881058
17.015841253960314,285.2376188094047,19.46308873743748
17.04819076204769,285.72286143071534,19.45473755260127
17.080540270135067,286.208104052026,19.44627269732126
17.112889778222446,286.6933466733367,19.437692894713326
17.145239286309824,287.17858929464734,19.4289968580665
17.1775887943972,287.663831915958,19.420183290851185
17.209938302484577,288.14907453726863,19.41125088672952
17.242287810571952,288.6343171585793,19.402198329567984
17.274637318659327,289.1195597798899,19.393024293452243
17.306986826746705,289.6048024012006,19.383727442704327
17.339336334834083,290.0900450225113,19.374306431902163
17.371685842921462,290.5752876438219,19.364759905901536
17.404035351008837,291.06053026513257,19.355086499860523
17.436384859096215,291.5457728864432,19.345284839266434
17.46873436718359,292.03101550775386,19.335353539965375
17.501083875270968,292.5162581290645,19.32529120819441
17.533433383358343,293.00150075037516,19.315096440616422
17.565782891445725,293.48674337168586,19.30476782435774
17.5981323995331,293.9719859929965,19.29430393704855
17.630481907620478,294.45722861430716,19.28370334686619
17.662831415707853,294.9424712356178,19.272964612581333
17.69518092379523,295.42771385692845,19.2620862836072
17.727530431882606,295.9129564782391,19.25106690005175
17.759879939969984,296.39819909954974,19.239904992773038
17.792229448057363,296.88344172086045,19.22859908343767
17.82457895614474,297.3686843421711,19.217147684582514
17.856928464232116,297.85392696348174,19.205549299679696
17.889277972319494,298.3391695847924,19.19380242320493
17.92162748040687,298.82441220610303,19.181905540709245
17.953976988494244,299.3096548274137,19.169857128894215
17.986326496581626,299.7948974487244,19.157655655690704
18.018676004669,300.28014007003503,19.145299580341202
18.05102551275638,300.7653826913457,19.132787353485863
18.083375020843754,301.2506253126563,19.120117417252235
18.115724528931132,301.735867933967,19.1072882053488
18.148074037018507,302.2211105552776,19.094298143162412
18.180423545105885,302.70635317658827,19.081145647859593
18.212773053193263,303.19159579789897,19.067829128491898
18.245122561280642,303.6768384192096,19.054346986105323
18.277472069368017,304.16208104052026,19.040697613853826
18.309821577455395,304.6473236618309,19.026879397117085
18.34217108554277,305.13256628314156,19.01289071362251
18.374520593630148,305.6178089044522,18.998729933571596
18.406870101717523,306.10305152576285,18.984395419770706
18.439219609804905,306.58829414707355,18.969885527766312
18.47156911789228,307.0735367683842,18.95519860598482
18.503918625979658,307.55877938969485,18.94033299587697
18.536268134067033,308.0440220110055,18.925287032067008
18.56861764215441,308.52926463231614,18.910059042506532
18.600967150241786,309.0145072536268,18.894647348633253
18.633316658329168,309.4997498749375,18.879050265534623
18.665666166416543,309.98499249624814,18.863266102116466
18.698015674503917,310.4702351175588,18.84729316127663
18.730365182591296,310.95547773886943,18.831129740083824
18.76271469067867,311.4407203601801,18.814774129961577
18.79506419876605,311.9259629814907,18.79822461687753
18.827413706853424,312.4112056028014,18.781479481538042
18.859763214940806,312.8964482241121,18.764536999588206
18.89211272302818,313.3816908454227,18.74739544181736
18.92446223111556,313.86693346673337,18.73005307437016
18.956811739202934,314.352176088044,18.712508158963285
18.989161247290312,314.83741870935467,18.6947589531078
19.021510755377687,315.3226613306653,18.676803710337378
19.053860263465065,315.80790395197596,18.658640680442264
19.086209771552443,316.29314657328666,18.640268109709254
19.118559279639822,316.7783891945973,18.621684241167575
19.150908787727197,317.26363181590796,18.602887314840864
19.183258295814575,317.7488744372186,18.583875568005276
19.21560780390195,318.23411705852925,18.56464723545376
19.247957311989328,318.7193596798399,18.545200549766612
19.280306820076703,319.20460230115054,18.525533741588376
19.312656328164085,319.68984492246125,18.505645039911094
19.34500583625146,320.1750875437719,18.485532672364084
19.377355344338834,320.66033016508254,18.465194865510195
19.409704852426213,321.1455727863932,18.44462984514869
19.442054360513588,321.63081540770384,18.423835836624768
19.474403868600966,322.1160580290145,18.402811065145833
19.506753376688344,322.6013006503252,18.38155375610453
19.539102884775723,323.08654327163583,18.36006213540863
19.571452392863097,323.5717858929465,18.338334429817824
19.603801900950476,324.0570285142571,18.316368867287494
19.63615140903785,324.5422711355678,18.294163677319492
19.66850091712523,325.0275137568784,18.27171709132
19.700850425212604,325.51275637818907,18.249027342964546
19.733199933299986,325.99799899949977,18.22609266857017
19.76554944138736,326.4832416208104,18.202911307474892
19.79789894947474,326.96848424212106,18.179481502424387
19.830248457562114,327.4537268634317,18.155801499966085
19.862597965649492,327.93896948474236,18.131869550850602
19.894947473736867,328.424212106053,18.10768391044062
19.927296981824245,328.90945472736365,18.083242839127255
19.959646489911623,329.39469734867436,18.058544602753923
19.991995997999002,329.879939969985,18.03358747304777
20.024345506086377,330.36518259129565,18.00836972805869
20.05669501417375,330.8504252126063,17.982889652605984
20.08904452226113,331.33566783391694,17.957145538732664
20.121394030348505,331.8209104552276,17.931135686167448
20.153743538435883,332.30615307653824,17.90485840279448
20.18609304652326,332.79139569784894,17.8783120051308
20.21844255461064,333.2766383191596,17.851494818811542
20.250792062698014,333.76188094047023,17.82440517908295
20.283141570785393,334.2471235617809,17.7970414313032
20.315491078872768,334.73236618309153,17.769401931450975
20.347840586960146,335.2176088044022,17.741485046641955
20.380190095047524,335.7028514257129,17.713289155653044
20.412539603134903,336.1880940470235,17.684812649454493
20.444889111222277,336.6733366683342,17.65605393174983
20.477238619309656,337.1585792896448,17.627011419523633
20.50958812739703,337.64382191095547,17.5976835435971
20.54193763548441,338.1290645322661,17.56806874919146
20.574287143571784,338.61430715357676,17.538165496499175
20.606636651659166,339.09954977488746,17.507972261262903
20.63898615974654,339.5847923961981,17.477487535362233
20.67133566783392,340.07003501750876,17.44670982740815
20.703685175921294,340.5552776388194,17.415637663345176
20.73603468400867,341.04052026013005,17.38426958706121
20.768384192096047,341.5257628814407,17.352604161004944
20.80073370018342,342.01100550275135,17.320639966810898
20.833083208270804,342.49624812406205,17.288375605931943
20.86543271635818,342.9814907453727,17.255809700279322
20.897782224445557,343.46673336668334,17.222940892870078
20.93013173253293,343.951975987994,17.189767848481807
20.96248124062031,344.43721860930464,17.156289254314732
20.994830748707685,344.9224612306153,17.122503820660917
21.027180256795063,345.40770385192593,17.088410281580657
21.05952976488244,345.89294647323663,17.054007395585867
21.09187927296982,346.3781890945473,17.019293946330414
21.124228781057194,346.8634317158579,16.984268743307307
21.156578289144573,347.3486743371686,16.94893062255261
21.188927797231948,347.8339169584792,16.913278447355964
21.221277305319326,348.31915957978987,16.87731110897767
21.253626813406704,348.8044022011006,16.841027527372084
21.285976321494083,349.2896448224112,16.80442665191734
21.318325829581457,349.77488744372187,16.767507462151134
21.350675337668836,350.2601300650325,16.730268968512508
21.38302484575621,350.74537268634316,16.692710213089473
21.415374353843585,351.2306153076538,16.654830270372265
21.447723861930964,351.71585792896445,16.61662824801213
21.480073370018342,352.20110055027516,16.578103287585428
21.51242287810572,352.6863431715858,16.539254565362885
21.544772386193095,353.17158579289645,16.50008129308384
21.577121894280474,353.6568284142071,16.460582718735214
21.60947140236785,354.14207103551774,16.420758127335088
21.641820910455227,354.6273136568284,16.380606841720628
21.6741704185426,355.11255627813904,16.34012822334015
21.706519926629984,355.59779889944974,16.299321673049096
21.73886943471736,356.0830415207604,16.258186631909705
21.771218942804737,356.56828414207104,16.21672258199412
21.80356845089211,357.0535267633817,16.174929047190673
21.83591795897949,357.53876938469233,16.13280559401312
21.868267467066865,358.024012006003,16.090351832412534
21.900616975154243,358.5092546273136,16.047567416591562
21.93296648324162,358.9944972486243,16.00445204582084
21.965315991329,359.479739869935,15.961005465257148
21.997665499416375,359.9649824912456,15.91722746676313
22.030015007503753,360.45022511255627,15.873117889728183
22.062364515591128,360.9354677338669,15.828676621890226
22.094714023678502,361.42071035517756,15.783903600158018
22.127063531765884,361.90595297648827,15.738798811433682
22.15941303985326,362.3911955977989,15.693362293435097
22.191762547940638,362.87643821910956,15.647594135517785
22.224112056028012,363.3616808404202,15.601494479495937
22.25646156411539,363.84692346173085,15.555063520462209
22.288811072202765,364.3321660830415,15.508301507605896
22.321160580290144,364.81740870435215,15.46120874502908
22.353510088377522,365.30265132566285,15.41378559256037
22.3858595964649,365.7878939469735,15.366032466565805
22.418209104552275,366.27313656828414,15.317949840756505
22.450558612639654,366.7583791895948,15.269538246992635
22.48290812072703,367.24362181090544,15.220798276083244
22.515257628814407,367.7288644322161,15.171730578581538
22.54760713690178,368.21410705352673,15.1223358655751
22.579956644989164,368.69934967483744,15.072614909470609
22.61230615307654,369.1845922961481,15.022568544772597
22.644655661163917,369.66983491745873,14.972197668855717
22.67700516925129,370.1550775387694,14.921503242730044
22.70935467733867,370.64032016008,14.870486291798926
22.741704185426045,371.12556278139067,14.819147906608826
22.77405369351342,371.6108054027013,14.767489243590681
22.8064032016008,372.096048024012,14.715511525792202
22.838752709688176,372.58129064532267,14.663216043600606
22.871102217775555,373.0665332666333,14.61060415545521
22.90345172586293,373.55177588794396,14.55767728854936
22.935801233950308,374.0370185092546,14.504436939521085
22.968150742037682,374.52226113056525,14.450884675131945
23.000500250125064,375.00750375187596,14.39702213293346
23.03284975821244,375.4927463731866,14.342851021920563
23.065199266299818,375.97798899449725,14.288373123171443
23.097548774387192,376.4632316158079,14.23359029047321
23.12989828247457,376.94847423711855,14.178504450932746
23.162247790561945,377.4337168584292,14.12311760557214
23.194597298649324,377.91895947973984,14.06743182990807
23.226946806736702,378.40420210105054,14.011449274514513
23.25929631482408,378.8894447223612,13.95517216556815
23.291645822911455,379.37468734367184,13.898602805375798
23.323995330998834,379.8599299649825,13.841743572883267
23.35634483908621,380.34517258629313,13.78459692416493
23.388694347173587,380.8304152076038,13.727165392893413
23.42104385526096,381.3156578289144,13.669451590788697
23.453393363348344,381.80090045022513,13.611458208045976
23.48574287143572,382.2861430715358,13.553188013741627
23.518092379523093,382.7713856928464,13.494643856216587
23.55044188761047,383.25662831415707,13.435828663436478
23.582791395697846,383.7418709354677,13.376745443327799
23.615140903785225,384.22711355677836,13.317397284089516
23.647490411872603,384.71235617808907,13.257787354479351
23.67983991995998,385.1975987993997,13.197918904074108
23.712189428047356,385.68284142071036,13.137795263503328
23.744538936134735,386.168084042021,13.077419844655623
23.77688844422211,386.65332666333165,13.016796140856986
23.809237952309488,387.1385692846423,12.955927727020406
23.841587460396862,387.62381190595295,12.894818259766087
23.873936968484244,388.10905452726365,12.833471477511651
23.90628647657162,388.5942971485743,12.771891200531574
23.938635984658998,389.07953976988495,12.710081330985249
23.970985492746372,389.5647823911956,12.648045852912986
24.00333500083375,390.05002501250624,12.585788832199281
24.035684508921126,390.5352676338169,12.523314416502703
24.068034017008504,391.02051025512753,12.460626835151773
24.100383525095882,391.50575287643824,12.397730399006145
24.13273303318326,391.9909954977489,12.3346295002825
24.165082541270635,392.47623811905953,12.271328612344503
24.19743204935801,392.9614807403702,12.207832289456203
24.22978155744539,393.4467233616808,12.14414516649828
24.262131065532763,393.93196598299147,12.080271958646533
24.29448057362014,394.4172086043021,12.01621746101202
24.32683008170752,394.9024512256128,11.951986548242294
24.3591795897949,395.38769384692347,11.887584174083132
24.391529097882273,395.8729364682341,11.823015370900265
24.42387860596965,396.35817908954476,11.758285249160526
24.456228114057026,396.8434217108554,11.693398996871926
24.488577622144405,397.32866433216606,11.628361878982142
24.520927130231783,397.81390695347676,11.563179236734939
24.55327663831916,398.2991495747874,11.497856486984062
24.585626146406536,398.78439219609805,11.43239912146413
24.617975654493915,399.2696348174087,11.36681270601812
24.65032516258129,399.75487743871935,11.301102879781045
24.682674670668668,400.24012006003,11.235275354319391
24.715024178756043,400.72536268134064,11.169335912726002
24.747373686843424,401.21060530265135,11.103290408670041
24.7797231949308,401.695847923962,11.03714476540171
24.812072703018178,402.18109054527264,10.970904974711447
24.844422211105552,402.6663331665833,10.904577095843322
24.876771719192927,403.15157578789393,10.838167254362407
24.909121227280306,403.6368184092046,10.771681640975869
24.94147073536768,404.1220610305152,10.70512651030767
24.973820243455062,404.60730365182593,10.63850817962664
25.006169751542437,405.0925462731366,10.571833027527864
25.038519259629815,405.5777888944472,10.505107492567237
25.07086876771719,406.06303151575787,10.438338071849179
25.10321827580457,406.5482741370685,10.37153131956743
25.135567783891943,407.03351675837916,10.304693845498969
25.16791729197932,407.5187593796898,10.237832313451078
25.2002668000667,408.0040020010005,10.170953439661623
25.23261630815408,408.48924462231116,10.104063991152698
25.264965816241453,408.9744872436218,10.037170784037716
25.29731532432883,409.45972986493246,9.970280681782222
25.329664832416206,409.9449724862431,9.903400593418564
25.362014340503585,410.43021510755375,9.83653747171475
25.394363848590963,410.91545772886445,9.769698311297779
25.42671335667834,411.4007003501751,9.702890146731784
25.459062864765716,411.88594297148575,9.636120050551373
25.491412372853095,412.3711855927964,9.569395131250625
25.52376188094047,412.85642821410704,9.502722531228176
25.556111389027844,413.3416708354177,9.436109424688945
25.588460897115223,413.82691345672833,9.369563015503042
25.6208104052026,414.31215607803904,9.303090535022466
25.65315991328998,414.7973986993497,9.236699239856248
25.685509421377354,415.28264132066033,9.17039640960473
25.717858929464732,415.767883941971,9.104189344553733
25.750208437552107,416.2531265632816,9.038085363329369
25.782557945639486,416.7383691845923,8.972091800514393
25.81490745372686,417.2236118059029,8.906216004226902
25.847256961814242,417.7088544272136,8.840465333662369
25.879606469901617,418.19409704852427,8.774847156599964
25.911955977988995,418.6793396698349,8.709368846874185
25.94430548607637,419.16458229114556,8.644037781812862
25.97665499416375,419.6498249124562,8.57886133964269
26.009004502251123,420.13506753376686,8.513846896863416
26.0413540103385,420.6203101550775,8.449001825591907
26.07370351842588,421.1055527763882,8.384333490877374
26.10605302651326,421.59079539769886,8.319849247989055
26.138402534600633,422.0760380190095,8.255556439677694
26.17075204268801,422.56128064032015,8.191462393412257
26.203101550775386,423.0465232616308,8.127574418593298
26.23545105886276,423.53176588294144,8.063899803744484
26.267800566950143,424.01700850425215,8.000445813683838
26.300150075037518,424.5022511255628,7.937219686676256
26.332499583124896,424.98749374687344,7.874228631568947
26.36484909121227,425.4727363681841,7.811479824911464
26.39719859929965,425.95797898949473,7.748980408062046
26.429548107387024,426.4432216108054,7.686737484282036
26.461897615474403,426.928464232116,7.624758115820153
26.49424712356178,427.41370685342673,7.5630493209884815
26.52659663164916,427.8989494747374,7.50161807123205
26.558946139736534,428.384192096048,7.440471288193921
26.591295647823912,428.8694347173587,7.379615840777724
26.623645155911287,429.3546773386693,7.31905854220966
26.655994663998666,429.83991995997997,7.258806147101964
26.68834417208604,430.3251625812906,7.1988653485199094
26.720693680173422,430.8104052026013,7.139242775054422
26.753043188260797,431.29564782391196,7.079944987902429
26.785392696348175,431.7808904452226,7.0209784779571045
26.81774220443555,432.26613306653326,6.962349662910153
26.85009171252293,432.7513756878439,6.904064884368347
26.882441220610303,433.23661830915455,6.846130404986537
26.914790728697685,433.72186093046525,6.7885524056193685
26.94714023678506,434.2071035517759,6.731336982493961
26.979489744872435,434.69234617308655,6.674490144405837
27.011839252959813,435.1775887943972,6.618017809940376
27.044188761047188,435.66283141570784,6.561925804722097
27.076538269134566,436.1480740370185,6.506219858694106
27.10888777722194,436.63331665832914,6.450905603429975
27.141237285309323,437.11855927963984,6.395988569480446
27.173586793396698,437.6038019009505,6.341474183757208
27.205936301484076,438.08904452226113,6.287367766956162
27.23828580957145,438.5742871435718,6.233674531022412
27.27063531765883,439.0595297648824,6.180399576659376
27.302984825746204,439.5447723861931,6.127547890884264
27.335334333833583,440.0300150075037,6.075124344632295
27.36768384192096,440.5152576288144,6.023133690411875
27.40003335000834,441.00050025012507,5.971580560013043
27.432382858095714,441.4857428714357,5.920469462271443
27.464732366183092,441.97098549274637,5.869804780890041
27.497081874270467,442.456228114057,5.819590772320787
27.529431382357846,442.94147073536766,5.769831563708426
27.56178089044522,443.4267133566783,5.720531150898587
27.594130398532602,443.911955977989,5.67169339651228
27.626479906619977,444.39719859929966,5.623322028088854
27.658829414707352,444.8824412206103,5.575420636299494
27.69117892279473,445.36768384192095,5.52799267323323
27.723528430882105,445.8529264632316,5.481041450757395
27.755877938969483,446.33816908454224,5.434570138954484
27.78822744705686,446.82341170585295,5.388581764637205
27.82057695514424,447.3086543271636,5.343079209943575
27.852926463231615,447.79389694847424,5.2980652110137445
27.885275971318993,448.2791395697849,5.253542356750286
27.917625479406368,448.76438219109554,5.209513087663511
27.949974987493746,449.2496248124062,5.165979694803413
27.98232449558112,449.73486743371683,5.122944318779663
28.014674003668503,450.22011005502753,5.080408948871115
28.047023511755878,450.7053526763382,5.038375422226135
28.079373019843256,451.1905952976488,4.996845423154994
28.11172252793063,451.6758379189595,4.955820482515529
28.14407203601801,452.1610805402701,4.915301977193165
28.176421544105384,452.64632316158077,4.875291129676272
28.208771052192763,453.1315657828914,4.8357890077278345
28.24112056028014,453.6168084042021,4.796796524154212
28.27347006836752,454.10205102551276,4.75831443667178
28.305819576454894,454.5872936468234,4.72034334787206
28.33816908454227,455.07253626813406,4.68288370528591
28.370518592629647,455.5577788894447,4.645935801547241
28.402868100717022,456.04302151075535,4.609499774656575
28.4352176088044,456.528264132066,4.573575608344747
28.46756711689178,457.0135067533767,4.538163132536868
28.499916624979157,457.49874937468735,4.503262023916598
28.532266133066532,457.983991995998,4.468871806590698
28.56461564115391,458.46923461730864,4.434991852853667
28.596965149241285,458.9544772386193,4.4016213840522
28.629314657328663,459.43971985992994,4.368759471549103
28.661664165416042,459.92496248124064,4.3364050377861485
28.69401367350342,460.4102051025513,4.304556857445306
28.726363181590795,460.89544772386193,4.2732135587075994
28.758712689678173,461.3806903451726,4.242373624608824
28.791062197765548,461.86593296648323,4.21203539449114
28.823411705852926,462.3511755877939,4.182197065549552
28.8557612139403,462.8364182091045,4.1528566944720975
28.888110722027683,463.3216608304152,4.124012199172499
28.920460230115058,463.8069034517259,4.09566136061393
28.952809738202436,464.2921460730365,4.067801824722382
28.98515924628981,464.77738869434717,4.040431104388098
29.017508754377186,465.2626313156578,4.013546581553369
29.049858262464564,465.74787393696846,3.9871455093848986
29.08220777055194,466.2331165582791,3.9612250145288677
29.11455727863932,466.7183591795898,3.9357820994466763
29.146906786726696,467.20360180090046,3.9108136448293145
29.179256294814074,467.6888444222111,3.886316412088135
29.21160580290145,468.17408704352175,3.8622870459197856
29.243955310988827,468.6593296648324,3.8387220769428936
29.276304819076202,469.14457228614305,3.815617924404055
29.30865432716358,469.6298149074537,3.7929708989506103
29.34100383525096,470.1150575287644,3.7707772054675246
29.373353343338337,470.60030015007504,3.7490329459756957
29.405702851425712,471.0855427713857,3.7277341225888776
29.43805235951309,471.57078539269634,3.706876640526403
29.470401867600465,472.056028014007,3.6864563111786985
29.502751375687843,472.54127063531763,3.6664688552226856
29.535100883775222,473.02651325662833,3.6469099057839216
29.5674503918626,473.511755877939,3.6277750116424166
29.599799899949975,473.9969984992496,3.6090596404789395
29.632149408037353,474.4822411205603,3.590759182158582
29.664498916124728,474.9674837418709,3.572868952048328
29.696848424212103,475.45272636318157,3.5553841943653026
29.72919793229948,475.9379689844922,3.538300085552393
29.76154744038686,476.4232116058029,3.5216117376777873
29.793896948474238,476.90845422711357,3.5053142018551497
29.826246456561613,477.3936968484242,3.489402471680865
29.85859596464899,477.87893946973486,3.4738714866850557
29.890945472736366,478.3641820910455,3.458716135792777
29.923294980823744,478.84942471235615,3.44393126079207
29.95564448891112,479.3346673336668,3.429511659805275
29.9879939969985,479.8199099549775,3.415452090760276
30.020343505085876,480.30515257628815,3.4017472748581135
30.052693013173254,480.7903951975988,3.3883919000336036
30.08504252126063,481.27563781890944,3.3753806244055227
30.117392029348007,481.7608804402201,3.36270807971297
30.149741537435382,482.24612306153074,3.3503688747345173
30.18209104552276,482.7313656828414,3.338357598686855
30.21444055361014,483.2166083041521,3.3266688245996328
30.246790061697517,483.70185092546274,3.315297112663213
30.279139569784892,484.1870935467734,3.304237013546196
30.31148907787227,484.67233616808403,3.2934830716795425
30.343838585959645,485.1575787893947,3.283029828504187
30.37618809404702,485.6428214107053,3.2728718256791787
30.408537602134402,486.128064032016,3.2630036082473417
30.440887110221777,486.6133066533267,3.253419727755599
30.473236618309155,487.0985492746373,3.244114745327156
30.50558612639653,487.58379189594797,3.2350832346828007
30.537935634483908,488.0690345172586,3.2263197851087178
30.570285142571283,488.55427713856926,3.2178190043682235
30.60263465065866,489.0395197598799,3.2095755215549815
30.63498415874604,489.5247623811906,3.2015839898853677
30.667333666833418,490.01000500250126,3.1938390894276587
30.699683174920793,490.4952476238119,3.1863355297659304
30.73203268300817,490.98049024512255,3.1790680525966053
30.764382191095546,491.4657328664332,3.172031434255686
30.796731699182924,491.95097548774385,3.165220488174839
30.8290812072703,492.4362181090545,3.1586300672646352
30.86143071535768,492.9214607303652,3.152255066223283
30.893780223445056,493.40670335167584,3.1460904237694294
30.926129731532434,493.8919459729865,3.140131124797602
30.95847923961981,494.37718859429714,3.134372202455051
30.990828747707187,494.8624312156078,3.12880874013889
31.023178255794562,495.34767383691843,3.1234358734124825
31.055527763881937,495.8329164582291,3.1182487918402266
31.08787727196932,496.3181590795398,3.113242740739924
31.120226780056694,496.80340170085043,3.1084130228521722
31.152576288144072,497.2886443221611,3.103754999926153
31.184925796231447,497.7738869434717,3.09926409422156
31.217275304318825,498.25912956478237,3.09493578992625
31.2496248124062,498.744372186093,3.090765634489596
31.281974320493582,499.2296148074037,3.0867492398714163
31.314323828580957,499.71485742871437,3.082882283706649
31.346673336668335,500.200100050025,3.079160510385911
31.37902284475571,500.68534267133566,3.075579732052354
31.411372352843088,501.1705852926463,3.0721358295151475
31.443721860930463,501.65582791395695,3.0688247530802464
31.47607136901784,502.1410705352676,3.0656425232990543
31.50842087710522,502.6263131565783,3.0625852316357722
31.540770385192598,503.11155577788895,3.059649041054282
31.573119893279973,503.5967983991996,3.0568301865255734
31.60546940136735,504.08204102051025,3.0541249754567943
31.637818909454726,504.5672836418209,3.0515297880430694
31.670168417542104,505.05252626313154,3.049041077543386
31.70251792562948,505.5377688844422,3.04665537048184
31.73486743371686,506.0230115057529,3.0443692667757993
31.767216941804236,506.50825412706354,3.0421794397923563
31.79956644989161,506.9934967483742,3.0400826363347804
31.83191595797899,507.47873936968483,3.0380756765605845
31.864265466066364,507.9639819909955,3.036155453832972
31.896614974153742,508.4492246123061,3.0343189345074357
31.92896448224112,508.93446723361683,3.03256315765541
31.9613139903285,509.4197098549275,3.030885234726849
31.993663498415874,509.9049524762381,3.0292823491537533
32.02601300650325,510.39019509754877,3.0277517558966096
32.05836251459063,510.8754377188594,3.026290780935838
32.090712022678005,511.36068034017006,3.024896820710328
32.12306153076538,511.8459229614807,3.0235673415051885
32.15541103885276,512.3311655827914,3.0222998787908644
32.18776054694014,512.8164082041021,3.0210920365158174
32.22011005502751,513.3016508254127,3.01994148635497
32.25245956311489,513.7868934467233,3.0188459669160714
32.28480907120227,514.272136068034,3.0178032829063177
32.31715857928965,514.7573786893447,3.01681130426131
32.34950808737702,515.2426213106553,3.015867965238744
32.3818575954644,515.727863931966,3.014971263478902
32.41420710355178,516.2131065532767,3.0141192590342847
32.44655661163915,516.6983491745873,3.01331007337053
32.478906119726524,517.1835917958979,3.0125418883408237
32.5112556278139,517.6688344172086,3.011812945136004
32.54360513590129,518.1540770385193,3.0111215432124503
32.57595464398866,518.6393196598299,3.010466039199965
32.60830415207604,519.1245622811406,3.009844845791676
32.640653660163416,519.6098049024513,3.009256430618027
32.673003168250794,520.0950475237619,3.008699315106959
32.705352676338165,520.5802901450725,3.0081720733321333
32.737702184425544,521.0655327663832,3.0076733308513006
32.77005169251292,521.5507753876939,3.007201763536557
32.8024012006003,522.0360180090045,3.006756096398476
32.83475070868768,522.5212606303152,3.0063351024058385
32.86710021677506,523.0065032516259,3.005937601302726
32.89944972486243,523.4917458729365,3.0055624584246985
32.93179923294981,523.976988494247,3.0052085835156603
32.964148741037185,524.4622311155578,3.0048749295470607
32.99649824912456,524.9474737368685,3.0045604915408717
33.028847757211935,525.432716358179,3.0042643053978786
33.06119726529932,525.9179589794898,3.0039854467326634
33.0935467733867,526.4032016008005,3.003723029716621
33.12589628147407,526.888444222111,3.0034762059302764
33.15824578956144,527.3736868434216,3.0032441632261673
33.19059529764882,527.8589294647323,3.003026124603384
33.222944805736205,528.344172086043,3.0028213470949225
33.255294313823576,528.8294147073536,3.0026291206688036
33.287643821910955,529.3146573286643,3.0024487671439886
33.31999332999833,529.799899949975,3.0022796391219444
33.35234283808571,530.2851425712856,3.0021211189347383
33.38469234617308,530.7703851925962,3.0019726176103596
33.41704185426046,531.2556278139069,3.0018335738560857
33.44939136234784,531.7408704352176,3.0017034530604505
33.48174087043522,532.2261130565282,3.0015817463144465
33.514090378522596,532.7113556778389,3.001467969452495
33.546439886609974,533.1965982991496,3.0013616621136485
33.578789394697345,533.6818409204602,3.001262386823427
33.611138902784724,534.1670835417708,3.0011697280966985
33.6434884108721,534.6523261630815,3.0010832915618373
33.67583791895948,535.1375687843922,3.001002703106483
33.70818742704685,535.6228114057028,3.0009276080450746
33.74053693513424,536.1080540270135,3.000857670308303
33.772886443221616,536.5932966483242,3.0007925716546318
33.80523595130899,537.0785392696348,3.0007320109038886
33.83758545939636,537.5637818909454,3.000675703193
33.869934967483736,538.0490245122561,3.000623379253831
33.90228447557112,538.5342671335668,3.0005747847130557
33.93463398365849,539.0195097548774,3.0005296794139404
33.96698349174587,539.5047523761881,3.0004878367599765
33.99933299983325,539.9899949974988,3.000449043080099
34.03168250792063,540.4752376188094,3.000413097015361
34.064032016008,540.96048024012,3.0003798089267697
34.09638152409538,541.4457228614307,3.0003490003241033
34.128731032182756,541.9309654827414,3.0003205033153115
34.161080540270135,542.416208104052,3.000294160076322
34.19343004835751,542.9014507253627,3.0002698223407798
34.22577955644489,543.3866933466734,3.0002473509094862
34.25812906453226,543.871935967984,3.000226615179084
34.29047857261965,544.3571785892947,3.000207492689629
34.32282808070702,544.8424212106053,3.0001898686906507
34.3551775887944,545.327663831916,3.0001736357252824
34.38752709688177,545.8129064532266,3.000158693231999
34.419876604969154,546.2981490745373,3.000144947163573
34.45222611305653,546.783391695848,3.0001323096227672
34.484575621143904,547.2686343171586,3.0001206985143156
34.51692512923128,547.7538769384693,3.0001100372127425
34.54927463731865,548.2391195597799,3.0001002542455346
34.58162414540604,548.7243621810906,3.000091282991235
34.61397365349341,549.2096048024011,3.0000830613919547
34.64632316158079,549.6948474237118,3.0000755316798298
34.67867266966817,550.1800900450226,3.0000686401170142
34.711022177755545,550.6653326663331,3.0000623367486625
34.743371685842924,551.1505752876438,3.0000565751685
34.775721193930295,551.6358179089544,3.000051312296481
34.80807070201767,552.1210605302651,3.0000465081681362
34.84042021010505,552.6063031515757,3.000042125735071
34.87276971819243,553.0915457728864,3.00003813067627
34.90511922627981,553.5767883941971,3.0000344912197043
34.93746873436718,554.0620310155077,3.000031177973842
34.969818242454565,554.5472736368184,3.0000281637686506
35.002167750541936,555.032516258129,3.0000254235056474
35.034517258629315,555.5177588794397,3.0000229340166307
35.066866766716686,556.0030015007503,3.000020673930681
35.09921627480407,556.488244122061,3.0000186235490744
35.13156578289145,556.9734867433717,3.000016764727672
35.16391529097882,557.4587293646823,3.000015080766545
35.1962647990662,557.943971985993,3.0000135563063353
35.22861430715357,558.4292146073036,3.0000121772311346
35.260963815240956,558.9144572286143,3.0000109305774956
35.29331332332833,559.3996998499249,3.0000098044492773
35.325662831415706,559.8849424712356,3.000008787937972
35.358012339503084,560.3701850925463,3.0000078710483287
35.39036184759046,560.8554277138569,3.0000070446288447
35.42271135567784,561.3406703351676,3.0000063003069677
35.45506086376521,561.8259129564782,3.0000056304286886
35.48741037185259,562.3111555777889,3.000005028002292
35.51975987993997,562.7963981990995,3.0000044866460236
35.55210938802735,563.2816408204102,3.0000040005394197
35.584458896114725,563.7668834417209,3.000003564378126
35.6168084042021,564.2521260630315,3.000003173331958
35.64915791228948,564.7373686843422,3.000002823005996
35.68150742037685,565.2226113056528,3.0000025094045704
35.71385692846423,565.7078539269635,3.000002228897902
35.74620643655161,566.1930965482742,3.0000019781912712
35.77855594463899,566.6783391695848,3.000001754296502
35.81090545272637,567.1635817908955,3.000001554505669
35.84325496081374,567.6488244122061,3.000001376366818
35.875604468901116,568.1340670335168,3.000001217661598
35.90795397698849,568.6193096548274,3.0000010763846845
35.94030348507587,569.1045522761381,3.000000950724825
35.97265299316325,569.5897948974488,3.0000008390474306
36.00500250125062,570.0750375187594,3.000000739878587
36.037352009338,570.5602801400701,3.0000006518903923
36.06970151742538,571.0455227613807,3.0000005738875117
36.10205102551276,571.5307653826914,3.000000504794855
36.13440053360013,572.016008004002,3.0000004436463215
36.16675004168751,572.5012506253127,3.0000003895745095
36.19909954977489,572.9864932466234,3.0000003418012966
36.231449057862264,573.471735867934,3.0000002996292707
36.26379856594964,573.9569784892446,3.000000262433911
36.29614807403701,574.4422211105552,3.0000002296564574
36.3284975821244,574.9274637318659,3.000000200797434
36.36084709021177,575.4127063531765,3.0000001754107615
36.39319659829915,575.8979489744872,3.0000001530984015
36.42554610638653,576.3831915957979,3.000000133505509
36.457895614473905,576.8684342171085,3.0000001163160306
36.490245122561284,577.3536768384192,3.0000001012487196
36.522594630648655,577.8389194597298,3.0000000880535396
36.55494413873603,578.3241620810405,3.0000000765083996
36.587293646823404,578.8094047023511,3.00000006641622
36.61964315491079,579.2946473236618,3.0000000576022643
36.65199266299817,579.7798899449725,3.0000000499117796
36.68434217108554,580.2651325662831,3.0000000432078124
36.71669167917292,580.7503751875938,3.00000003736929
36.749041187260296,581.2356178089044,3.000000032289286
36.781390695347675,581.7208604302151,3.000000027873444
36.813740203435046,582.2061030515257,3.0000000240385916
36.846089711522424,582.6913456728364,3.000000020711486
36.87843921960981,583.1765882941471,3.0000000178276807
36.91078872769718,583.6618309154577,3.0000000153305386
36.94313823578456,584.1470735367684,3.0000000131703253
36.97548774387193,584.632316158079,3.0000000113034133
37.007837251959316,585.1175587793897,3.000000009691572
37.04018676004669,585.6028014007003,3.0000000083013347
37.072536268134066,586.088044022011,3.000000007103427
37.104885776221444,586.5732866433217,3.000000006072284
37.13723528430882,587.0585292646323,3.000000005185587
37.1695847923962,587.543771885943,3.000000004423871
37.20193430048357,588.0290145072536,3.0000000037701895
37.23428380857095,588.5142571285643,3.0000000032097986
37.266633316658336,588.999499749875,3.000000002729884
37.29898282474571,589.4847423711856,3.0000000023193074
37.331332332833085,589.9699849924963,3.0000000019684236
37.36368184092046,590.4552276138069,3.0000000016688695
37.396031349007835,590.9404702351176,3.0000000014134045
37.42838085709521,591.4257128564282,3.0000000011957724
37.46073036518259,591.9109554777389,3.0000000010105694
37.49307987326997,592.3961980990496,3.0000000008531345
37.52542938135734,592.8814407203602,3.000000000719446
37.55777888944473,593.3666833416709,3.000000000606043
37.5901283975321,593.8519259629815,3.00000000050996
37.622477905619476,594.3371685842922,3.000000000428635
37.65482741370685,594.8224112056027,3.000000000359883
37.68717692179423,595.3076538269135,3.000000000301821
37.71952642988161,595.7928964482242,3.000000000252843
37.75187593796898,596.2781390695347,3.000000000211571
37.78422544605636,596.7633816908454,3.0000000001768363
37.81657495414374,597.248624312156,3.0000000001476366
37.84892446223112,597.7338669334667,3.0000000001231193
37.88127397031849,598.2191095547773,3.0000000001025526
37.91362347840587,598.704352176088,3.000000000085322
37.94597298649325,599.1895947973987,3.000000000070905
37.978322494580624,599.6748374187093,3.0000000000588507
38.010672002668,600.16008004002,3.000000000048793
38.04302151075537,600.6453226613306,3.000000000040405
38.07537101884275,601.1305652826413,3.000000000033417
38.10772052693013,601.6158079039519,3.000000000027608
38.14007003501751,602.1010505252626,3.00000000002278
38.17241954310489,602.5862931465733,3.0000000000187725
38.20476905119226,603.0715357678839,3.0000000000154508
38.237118559279644,603.5567783891946,3.000000000012701
38.269468067367015,604.0420210105052,3.0000000000104308
38.30181757545439,604.5272636318159,3.000000000008555
38.334167083541764,605.0125062531265,3.000000000007006
38.36651659162915,605.4977488744372,3.0000000000057305
38.39886609971653,605.9829914957479,3.0000000000046825
38.4312156078039,606.4682341170585,3.000000000003819
38.46356511589128,606.9534767383692,3.000000000003112
38.495914623978656,607.4387193596798,3.0000000000025295
38.528264132066035,607.9239619809905,3.000000000002057
38.560613640153406,608.4092046023011,3.0000000000016698
38.592963148240784,608.8944472236118,3.0000000000013536
38.62531265632817,609.3796898449225,3.0000000000010942
38.65766216441554,609.8649324662331,3.0000000000008846
38.69001167250292,610.3501750875438,3.000000000000714
38.72236118059029,610.8354177088544,3.000000000000579
38.75471068867767,611.3206603301651,3.0000000000004654
38.78706019676505,611.8059029514757,3.000000000000373
38.819409704852426,612.2911455727864,3.0000000000002984
38.851759212939804,612.7763881940971,3.0000000000002416
38.884108721027175,613.2616308154077,3.0000000000001954
38.91645822911456,613.7468734367184,3.0000000000001563
38.94880773720193,614.232116058029,3.0000000000001243
38.98115724528931,614.7173586793397,3.0000000000000995
39.01350675337669,615.2026013006504,3.000000000000078
39.04585626146407,615.687843921961,3.000000000000064
39.078205769551445,616.1730865432717,3.0000000000000497
39.11055527763882,616.6583291645823,3.000000000000039
39.142904785726195,617.143571785893,3.000000000000032
39.17525429381357,617.6288144072035,3.000000000000025
39.20760380190095,618.1140570285143,3.0000000000000178
39.23995330998833,618.599299649825,3.000000000000014
39.2723028180757,619.0845422711355,3.0000000000000107
39.30465232616309,619.5697848924463,3.0000000000000107
39.33700183425046,620.0550275137568,3.000000000000007
39.369351342337836,620.5402701350675,3.000000000000007
39.40170085042521,621.0255127563781,3.0000000000000036
39.434050358512586,621.5107553776888,3.0000000000000036
39.46639986659997,621.9959979989995,3.0000000000000036
39.49874937468734,622.4812406203101,3.0000000000000036
39.53109888277472,622.9664832416208,3.0000000000000036
39.56344839086209,623.4517258629314,3.0000000000000036
39.59579789894948,623.9369684842421,3.0000000000000036
39.62814740703685,624.4222111055527,3.0000000000000036
39.66049691512423,624.9074537268634,3.0000000000000036
39.692846423211606,625.3926963481741,3.0000000000000036
39.725195931298984,625.8779389694847,3.0000000000000036
39.75754543938636,626.3631815907954,3.0000000000000036
39.789894947473734,626.848424212106,3.0000000000000036
39.82224445556111,627.3336668334167,3.0000000000000036
39.85459396364849,627.8189094547273,3.0000000000000036
39.88694347173587,628.304152076038,3.0000000000000036
39.91929297982325,628.7893946973487,3.0000000000000036
39.95164248791062,629.2746373186593,3.0000000000000036
39.983991995998004,629.75987993997,3.0000000000000036
40.016341504085375,630.2451225612806,3.0000000000000036
40.04869101217275,630.7303651825913,3.0000000000000036
40.081040520260125,631.2156078039019,3.0000000000000036
40.1133900283475,631.7008504252126,3.0000000000000036
40.14573953643489,632.1860930465233,3.0000000000000036
40.17808904452226,632.6713356678339,3.0000000000000036
40.21043855260964,633.1565782891446,3.0000000000000036
40.24278806069701,633.6418209104552,3.0000000000000036
40.275137568784395,634.1270635317659,3.0000000000000036
40.307487076871766,634.6123061530765,3.0000000000000036
40.339836584959144,635.0975487743872,3.0000000000000036
40.37218609304652,635.5827913956979,3.0000000000000036
40.4045356011339,636.0680340170085,3.0000000000000036
40.43688510922128,636.5532766383192,3.0
40.46923461730865,637.0385192596298,3.0
40.50158412539603,637.5237618809405,3.0
40.53393363348341,638.0090045022511,3.0
40.566283141570786,638.4942471235618,3.0
40.598632649658164,638.9794897448725,3.0
40.630982157745535,639.4647323661831,3.0
40.66333166583292,639.9499749874938,3.0
40.69568117392029,640.4352176088044,3.0
40.72803068200767,640.920460230115,3.0
40.76038019009505,641.4057028514258,3.0
40.79272969818242,641.8909454727363,3.0
40.825079206269805,642.376188094047,3.0
40.85742871435718,642.8614307153576,3.0
40.889778222444555,643.3466733366683,3.0
40.922127730531926,643.8319159579789,3.0
40.95447723861931,644.3171585792896,3.0
40.98682674670669,644.8024012006003,3.0
41.01917625479406,645.2876438219109,3.0
41.05152576288144,645.7728864432216,3.0
41.08387527096882,646.2581290645322,3.0
41.116224779056196,646.7433716858429,3.0
41.14857428714357,647.2286143071535,3.0
41.180923795230946,647.7138569284642,3.0
41.21327330331833,648.1990995497749,3.0
41.2456228114057,648.6843421710855,3.0
41.27797231949308,649.1695847923962,3.0
41.31032182758045,649.6548274137068,3.0
41.34267133566784,650.1400700350175,3.0
41.37502084375521,650.6253126563281,3.0
41.40737035184259,651.1105552776388,3.0
41.439719859929966,651.5957978989495,3.0
41.47206936801734,652.0810405202601,3.0
41.50441887610472,652.5662831415708,3.0
41.536768384192094,653.0515257628814,3.0
41.56911789227947,653.5367683841921,3.0
41.60146740036684,654.0220110055027,3.0
41.63381690845423,654.5072536268134,3.0
41.66616641654161,654.9924962481241,3.0
41.69851592462898,655.4777388694347,3.0
41.73086543271636,655.9629814907454,3.0
41.763214940803735,656.448224112056,3.0
41.79556444889111,656.9334667333667,3.0
41.827913956978485,657.4187093546773,3.0
41.86026346506586,657.903951975988,3.0
41.89261297315325,658.3891945972987,3.0
41.92496248124062,658.8744372186093,3.0
41.957311989328,659.35967983992,3.0
41.98966149741537,659.8449224612306,3.0
42.022011005502755,660.3301650825413,3.0
42.054360513590126,660.8154077038519,3.0
42.086710021677504,661.3006503251626,3.0
42.11905952976488,661.7858929464733,3.0
42.151409037852254,662.2711355677839,3.0
42.18375854593964,662.7563781890946,3.0
42.21610805402701,663.2416208104052,3.0
42.24845756211439,663.7268634317159,3.0
42.28080707020177,664.2121060530266,3.0
42.313156578289146,664.6973486743371,3.0
42.345506086376524,665.1825912956479,3.0
42.377855594463895,665.6678339169584,3.0
42.410205102551274,666.1530765382691,3.0
42.44255461063865,666.6383191595797,3.0
42.47490411872603,667.1235617808904,3.0
42.50725362681341,667.6088044022011,3.0
42.53960313490078,668.0940470235117,3.0
42.571952642988165,668.5792896448224,3.0
42.60430215107554,669.064532266133,3.0
42.636651659162915,669.5497748874437,3.0
42.669001167250286,670.0350175087543,3.0
42.70135067533767,670.520260130065,3.0
42.73370018342505,671.0055027513757,3.0
42.76604969151242,671.4907453726863,3.0
42.7983991995998,671.975987993997,3.0
42.83074870768717,672.4612306153076,3.0
42.863098215774556,672.9464732366183,3.0
42.89544772386193,673.4317158579289,3.0
42.927797231949306,673.9169584792396,3.0
42.960146740036684,674.4022011005503,3.0
42.99249624812406,674.8874437218609,3.0
43.02484575621144,675.3726863431716,3.0
43.05719526429881,675.8579289644822,3.0
43.08954477238619,676.3431715857929,3.0
43.12189428047357,676.8284142071035,3.0
43.15424378856095,677.3136568284142,3.0
43.186593296648326,677.7988994497249,3.0
43.2189428047357,678.2841420710355,3.0
43.25129231282308,678.7693846923462,3.0
43.283641820910454,679.2546273136568,3.0
43.31599132899783,679.7398699349675,3.0
43.3483408370852,680.2251125562781,3.0
43.38069034517259,680.7103551775888,3.0
43.41303985325997,681.1955977988995,3.0
43.44538936134734,681.6808404202101,3.0
43.47773886943472,682.1660830415208,3.0
43.51008837752209,682.6513256628314,3.0
43.54243788560947,683.1365682841421,3.0
43.574787393696845,683.6218109054527,3.0
43.60713690178422,684.1070535267634,3.0
43.6394864098716,684.5922961480741,3.0
43.67183591795898,685.0775387693847,3.0
43.70418542604636,685.5627813906954,3.0
43.73653493413373,686.048024012006,3.0
43.76888444222111,686.5332666333167,3.0
43.801233950308486,687.0185092546272,3.0
43.833583458395864,687.503751875938,3.0
43.86593296648324,687.9889944972487,3.0
43.898282474570614,688.4742371185592,3.0
43.930631982658,688.95947973987,3.0
43.96298149074537,689.4447223611805,3.0
43.99533099883275,689.9299649824912,3.0
44.02768050692013,690.415207603802,3.0
44.060030015007506,690.9004502251125,3.0
44.092379523094884,691.3856928464232,3.0
44.124729031182255,691.8709354677338,3.0
44.157078539269634,692.3561780890445,3.0
44.189428047357005,692.8414207103551,3.0
44.22177755544439,693.3266633316658,3.0
44.25412706353177,693.8119059529765,3.0
44.28647657161914,694.2971485742871,3.0
44.31882607970652,694.7823911955978,3.0
44.3511755877939,695.2676338169084,3.0
44.383525095881275,695.7528764382191,3.0
44.415874603968646,696.2381190595297,3.0
44.448224112056025,696.7233616808404,3.0
44.48057362014341,697.2086043021511,3.0
44.51292312823078,697.6938469234617,3.0
44.54527263631816,698.1790895447724,3.0
44.57762214440553,698.664332166083,3.0
44.609971652492916,699.1495747873937,3.0
44.64232116058029,699.6348174087043,3.0
44.674670668667666,700.120060030015,3.0
44.707020176755044,700.6053026513257,3.0
44.73936968484242,701.0905452726363,3.0
44.7717191929298,701.575787893947,3.0
44.80406870101717,702.0610305152576,3.0
44.83641820910455,702.5462731365683,3.0
44.86876771719192,703.0315157578789,3.0
44.90111722527931,703.5167583791896,3.0
44.933466733366686,704.0020010005003,3.0
44.96581624145406,704.4872436218109,3.0
44.998165749541435,704.9724862431216,3.0
45.030515257628814,705.4577288644322,3.0
45.06286476571619,705.9429714857429,3.0
45.09521427380356,706.4282141070535,3.0
45.12756378189094,706.9134567283642,3.0
45.15991328997833,707.3986993496749,3.0
45.1922627980657,707.8839419709855,3.0
45.22461230615308,708.3691845922962,3.0
45.25696181424045,708.8544272136068,3.0
45.28931132232783,709.3396698349175,3.0
45.321660830415205,709.824912456228,3.0
45.35401033850258,710.3101550775388,3.0
45.38635984658996,710.7953976988495,3.0
45.41870935467734,711.28064032016,3.0
45.45105886276472,711.7658829414707,3.0
45.48340837085209,712.2511255627813,3.0
45.51575787893947,712.736368184092,3.0
45.54810738702684,713.2216108054026,3.0
45.580456895114224,713.7068534267133,3.0
45.6128064032016,714.192096048024,3.0
45.645155911288974,714.6773386693346,3.0
45.67750541937635,715.1625812906453,3.0
45.70985492746373,715.6478239119559,3.0
45.74220443555111,716.1330665332666,3.0
45.77455394363849,716.6183091545773,3.0
45.80690345172586,717.1035517758879,3.0
45.839252959813244,717.5887943971986,3.0
45.871602467900615,718.0740370185092,3.0
45.903951975987994,718.5592796398199,3.0
45.936301484075365,719.0445222611305,3.0
45.96865099216275,719.5297648824412,3.0
46.00100050025013,720.0150075037519,3.0
46.0333500083375,720.5002501250625,3.0
46.06569951642488,720.9854927463732,3.0
46.09804902451226,721.4707353676838,3.0
46.130398532599635,721.9559779889945,3.0
46.162748040687006,722.4412206103051,3.0
46.195097548774385,722.9264632316158,3.0
46.22744705686177,723.4117058529265,3.0
46.25979656494914,723.8969484742371,3.0
46.29214607303652,724.3821910955478,3.0
46.32449558112389,724.8674337168584,3.0
46.35684508921127,725.3526763381691,3.0
46.38919459729865,725.8379189594797,3.0
46.421544105386026,726.3231615807904,3.0
46.453893613473404,726.8084042021011,3.0
46.486243121560776,727.2936468234117,3.0
46.51859262964816,727.7788894447224,3.0
46.55094213773553,728.264132066033,3.0
46.58329164582291,728.7493746873437,3.0
46.61564115391028,729.2346173086543,3.0
46.64799066199767,729.719859929965,3.0
46.680340170085046,730.2051025512757,3.0
46.71268967817242,730.6903451725863,3.0
46.745039186259795,731.175587793897,3.0
46.777388694347174,731.6608304152076,3.0
46.80973820243455,732.1460730365183,3.0
46.84208771052192,732.6313156578288,3.0
46.8744372186093,733.1165582791396,3.0
46.90678672669669,733.6018009004503,3.0
46.93913623478406,734.0870435217608,3.0
46.97148574287144,734.5722861430716,3.0
47.00383525095881,735.0575287643821,3.0
47.036184759046186,735.5427713856928,3.0
47.068534267133565,736.0280140070034,3.0
47.10088377522094,736.5132566283141,3.0
47.13323328330832,736.9984992496248,3.0
47.16558279139569,737.4837418709354,3.0
47.19793229948308,737.9689844922461,3.0
47.23028180757045,738.4542271135567,3.0
47.26263131565783,738.9394697348674,3.0
47.294980823745206,739.4247123561781,3.0
47.327330331832584,739.9099549774887,3.0
47.35967983991996,740.3951975987994,3.0
47.392029348007334,740.88044022011,3.0
47.42437885609471,741.3656828414207,3.0
47.45672836418209,741.8509254627313,3.0
47.48907787226947,742.336168084042,3.0
47.52142738035685,742.8214107053527,3.0
47.55377688844422,743.3066533266633,3.0
47.586126396531604,743.791895947974,3.0
47.618475904618975,744.2771385692846,3.0
47.650825412706354,744.7623811905953,3.0
47.683174920793725,745.2476238119059,3.0
47.7155244288811,745.7328664332166,3.0
47.74787393696849,746.2181090545273,3.0
47.78022344505586,746.7033516758379,3.0
47.81257295314324,747.1885942971486,3.0
47.84492246123061,747.6738369184592,3.0
47.877271969317995,748.1590795397699,3.0
47.909621477405366,748.6443221610805,3.0
47.941970985492745,749.1295647823912,3.0
47.97432049358012,749.6148074037019,3.0
48.0066700016675,750.1000500250125,3.0
48.03901950975488,750.5852926463232,3.0
48.07136901784225,751.0705352676338,3.0
48.10371852592963,751.5557778889445,3.0
48.13606803401701,752.0410205102551,3.0
48.168417542104386,752.5262631315658,3.0
48.200767050191764,753.0115057528765,3.0
48.233116558279136,753.4967483741871,3.0
48.26546606636652,753.9819909954978,3.0
48.29781557445389,754.4672336168084,3.0
48.33016508254127,754.9524762381191,3.0
48.36251459062864,755.4377188594297,3.0
48.39486409871602,755.9229614807404,3.0
48.427213606803406,756.4082041020511,3.0
48.45956311489078,756.8934467233616,3.0
48.491912622978155,757.3786893446724,3.0
48.52426213106553,757.8639319659829,3.0
48.55661163915291,758.3491745872936,3.0
48.58896114724028,758.8344172086042,3.0
48.62131065532766,759.3196598299149,3.0
48.65366016341504,759.8049024512256,3.0
48.68600967150242,760.2901450725362,3.0
48.7183591795898,760.7753876938469,3.0
48.75070868767717,761.2606303151575,3.0
48.783058195764546,761.7458729364682,3.0
48.815407703851925,762.2311155577788,3.0
48.8477572119393,762.7163581790895,3.0
48.88010672002668,763.2016008004002,3.0
48.91245622811405,763.6868434217108,3.0
48.94480573620144,764.1720860430215,3.0
48.97715524428881,764.6573286643321,3.0
49.00950475237619,765.1425712856428,3.0
49.041854260463566,765.6278139069535,3.0
49.07420376855094,766.1130565282641,3.0
49.10655327663832,766.5982991495748,3.0
49.138902784725694,767.0835417708854,3.0
49.17125229281307,767.5687843921961,3.0
49.203601800900444,768.0540270135067,3.0
49.23595130898783,768.5392696348174,3.0
49.26830081707521,769.0245122561281,3.0
49.30065032516258,769.5097548774387,3.0
49.33299983324996,769.9949974987494,3.0
49.365349341337335,770.48024012006,3.0
49.397698849424714,770.9654827413707,3.0
49.430048357512085,771.4507253626813,3.0
49.46239786559946,771.935967983992,3.0
49.49474737368685,772.4212106053027,3.0
49.52709688177422,772.9064532266133,3.0
49.5594463898616,773.391695847924,3.0
49.59179589794897,773.8769384692346,3.0
49.624145406036355,774.3621810905453,3.0
49.656494914123726,774.8474237118559,3.0
49.688844422211105,775.3326663331666,3.0
49.72119393029848,775.8179089544773,3.0
49.753543438385854,776.3031515757879,3.0
49.78589294647324,776.7883941970986,3.0
49.81824245456061,777.2736368184092,3.0
49.85059196264799,777.7588794397199,3.0
49.88294147073536,778.2441220610305,3.0
49.915290978822746,778.7293646823412,3.0
49.947640486910124,779.2146073036519,3.0
49.979989994997496,779.6998499249625,3.0
50.012339503084874,780.1850925462732,3.0
50.04468901117225,780.6703351675837,3.0
50.07703851925963,781.1555777888944,3.0
50.109388027347,781.640820410205,3.0
50.14173753543438,782.1260630315157,3.0
50.174087043521766,782.6113056528264,3.0
50.20643655160914,783.096548274137,3.0
50.238786059696515,783.5817908954477,3.0
50.27113556778389,784.0670335167583,3.0
50.30348507587127,784.552276138069,3.0
50.33583458395864,785.0375187593796,3.0
50.36818409204602,785.5227613806903,3.0
50.4005336001334,786.008004002001,3.0
50.43288310822077,786.4932466233116,3.0
50.46523261630816,786.9784892446223,3.0
50.49758212439553,787.4637318659329,3.0
50.529931632482906,787.9489744872436,3.0
50.562281140570285,788.4342171085543,3.0
50.59463064865766,788.9194597298649,3.0
50.62698015674504,789.4047023511756,3.0
50.65932966483241,789.8899449724862,3.0
50.69167917291979,790.3751875937969,3.0
50.72402868100717,790.8604302151075,3.0
50.75637818909455,791.3456728364182,3.0
50.788727697181926,791.8309154577289,3.0
50.8210772052693,792.3161580790395,3.0
50.85342671335668,792.8014007003502,3.0
50.885776221444054,793.2866433216608,3.0
50.91812572953143,793.7718859429715,3.0
50.950475237618804,794.2571285642821,3.0
50.98282474570619,794.7423711855928,3.0
51.01517425379357,795.2276138069035,3.0
51.04752376188094,795.7128564282141,3.0
51.07987326996832,796.1980990495248,3.0
51.11222277805569,796.6833416708354,3.0
51.144572286143074,797.1685842921461,3.0
51.176921794230445,797.6538269134567,3.0
51.20927130231782,798.1390695347674,3.0
51.2416208104052,798.6243121560781,3.0
51.27397031849258,799.1095547773887,3.0
51.30631982657996,799.5947973986994,3.0
51.33866933466733,800.08004002001,3.0
51.37101884275471,800.5652826413207,3.0
51.403368350842086,801.0505252626313,3.0
51.435717858929465,801.535767883942,3.0
51.46806736701684,802.0210105052527,3.0
51.500416875104214,802.5062531265633,3.0
51.5327663831916,802.991495747874,3.0
51.56511589127897,803.4767383691845,3.0
51.59746539936635,803.9619809904952,3.0
51.62981490745372,804.4472236118058,3.0
51.662164415541106,804.9324662331165,3.0
51.694513923628485,805.4177088544272,3.0
51.726863431715856,805.9029514757378,3.0
51.759212939803234,806.3881940970485,3.0
51.791562447890605,806.8734367183591,3.0
51.82391195597799,807.3586793396698,3.0
51.85626146406536,807.8439219609804,3.0
51.88861097215274,808.3291645822911,3.0
51.92096048024012,808.8144072036018,3.0
51.9533099883275,809.2996498249124,3.0
51.985659496414875,809.7848924462231,3.0
52.01800900450225,810.2701350675337,3.0
52.050358512589625,810.7553776888444,3.0
52.082708020677,811.240620310155,3.0
52.11505752876438,811.7258629314657,3.0
52.14740703685176,812.2111055527764,3.0
52.17975654493913,812.696348174087,3.0
52.21210605302652,813.1815907953977,3.0
52.24445556111389,813.6668334167083,3.0
52.27680506920127,814.152076038019,3.0
52.309154577288645,814.6373186593297,3.0
52.34150408537602,815.1225612806403,3.0
52.3738535934634,815.607803901951,3.0
52.40620310155077,816.0930465232616,3.0
52.43855260963815,816.5782891445723,3.0
52.47090211772552,817.0635317658829,3.0
52.50325162581291,817.5487743871936,3.0
52.535601133900286,818.0340170085043,3.0
52.56795064198766,818.5192596298149,3.0
52.600300150075036,819.0045022511256,3.0
52.632649658162414,819.4897448724362,3.0
52.66499916624979,819.9749874937469,3.0
52.697348674337164,820.4602301150575,3.0
52.72969818242454,820.9454727363682,3.0
52.76204769051193,821.4307153576789,3.0
52.7943971985993,821.9159579789895,3.0
52.82674670668668,822.4012006003002,3.0
52.85909621477405,822.8864432216108,3.0
52.891445722861434,823.3716858429215,3.0
52.923795230948805,823.856928464232,3.0
52.95614473903618,824.3421710855428,3.0
52.98849424712356,824.8274137068535,3.0
53.02084375521094,825.312656328164,3.0
53.05319326329832,825.7978989494748,3.0
53.08554277138569,826.2831415707853,3.0
53.11789227947307,826.768384192096,3.0
53.15024178756044,827.2536268134066,3.0
53.182591295647825,827.7388694347173,3.0
53.2149408037352,828.224112056028,3.0
53.247290311822574,828.7093546773386,3.0
53.27963981990995,829.1945972986493,3.0
53.31198932799733,829.6798399199599,3.0
53.34433883608471,830.1650825412706,3.0
53.37668834417208,830.6503251625812,3.0
53.40903785225946,831.1355677838919,3.0
53.441387360346845,831.6208104052026,3.0
53.473736868434216,832.1060530265132,3.0
53.506086376521594,832.5912956478239,3.0
53.538435884608965,833.0765382691345,3.0
53.57078539269635,833.5617808904452,3.0
53.60313490078372,834.0470235117558,3.0
53.6354844088711,834.5322661330665,3.0
53.66783391695848,835.0175087543772,3.0
53.70018342504586,835.5027513756878,3.0
53.732532933133236,835.9879939969985,3.0
53.76488244122061,836.4732366183091,3.0
53.797231949307985,836.9584792396198,3.0
53.82958145739537,837.4437218609305,3.0
53.86193096548274,837.9289644822411,3.0
53.89428047357012,838.4142071035518,3.0
53.92662998165749,838.8994497248624,3.0
53.95897948974487,839.3846923461731,3.0
53.99132899783225,839.8699349674837,3.0
54.02367850591963,840.3551775887944,3.0
54.056028014007005,840.8404202101051,3.0
54.088377522094376,841.3256628314157,3.0
54.12072703018176,841.8109054527264,3.0
54.15307653826913,842.296148074037,3.0
54.18542604635651,842.7813906953477,3.0
54.21777555444388,843.2666333166583,3.0
54.25012506253127,843.751875937969,3.0
54.282474570618646,844.2371185592797,3.0
54.31482407870602,844.7223611805903,3.0
54.347173586793396,845.207603801901,3.0
54.379523094880774,845.6928464232116,3.0
54.41187260296815,846.1780890445223,3.0
54.444222111055524,846.6633316658329,3.0
54.4765716191429,847.1485742871436,3.0
54.50892112723029,847.6338169084543,3.0
54.54127063531766,848.1190595297649,3.0
54.57362014340504,848.6043021510756,3.0
54.60596965149241,849.0895447723861,3.0
54.63831915957979,849.5747873936969,3.0
54.670668667667165,850.0600300150074,3.0
54.70301817575454,850.5452726363181,3.0
54.73536768384192,851.0305152576288,3.0
54.76771719192929,851.5157578789394,3.0
54.80006670001668,852.0010005002501,3.0
54.83241620810405,852.4862431215607,3.0
54.86476571619143,852.9714857428714,3.0
54.8971152242788,853.456728364182,3.0
54.929464732366185,853.9419709854927,3.0
54.96181424045356,854.4272136068034,3.0
54.994163748540934,854.912456228114,3.0
55.02651325662831,855.3976988494247,3.0
55.05886276471569,855.8829414707353,3.0
55.09121227280307,856.368184092046,3.0
55.12356178089044,856.8534267133566,3.0
55.15591128897782,857.3386693346673,3.0
55.188260797065205,857.823911955978,3.0
55.220610305152576,858.3091545772886,3.0
55.252959813239954,858.7943971985993,3.0
55.285309321327325,859.2796398199099,3.0
55.317658829414704,859.7648824412206,3.0
55.35000833750208,860.2501250625312,3.0
55.38235784558946,860.7353676838419,3.0
55.41470735367684,861.2206103051526,3.0
55.44705686176421,861.7058529264632,3.0
55.479406369851596,862.1910955477739,3.0
55.51175587793897,862.6763381690845,3.0
55.544105386026345,863.1615807903952,3.0
55.57645489411372,863.6468234117059,3.0
55.6088044022011,864.1320660330165,3.0
55.64115391028848,864.6173086543272,3.0
55.67350341837585,865.1025512756378,3.0
55.70585292646323,865.5877938969485,3.0
55.73820243455061,866.0730365182591,3.0
55.77055194263799,866.5582791395698,3.0
55.802901450725365,867.0435217608805,3.0
55.835250958812736,867.5287643821911,3.0
55.86760046690012,868.0140070035018,3.0
55.89994997498749,868.4992496248124,3.0
55.93229948307487,868.9844922461231,3.0
55.96464899116224,869.4697348674337,3.0
55.99699849924962,869.9549774887444,3.0
56.029348007337006,870.4402201100551,3.0
56.06169751542438,870.9254627313657,3.0
56.094047023511756,871.4107053526764,3.0
56.12639653159913,871.895947973987,3.0
56.15874603968651,872.3811905952977,3.0
56.191095547773884,872.8664332166082,3.0
56.22344505586126,873.351675837919,3.0
56.25579456394864,873.8369184592297,3.0
56.28814407203602,874.3221610805402,3.0
56.3204935801234,874.807403701851,3.0
56.35284308821077,875.2926463231615,3.0
56.38519259629815,875.7778889444722,3.0
56.417542104385525,876.2631315657828,3.0
56.4498916124729,876.7483741870935,3.0
56.48224112056028,877.2336168084042,3.0
56.51459062864765,877.7188594297148,3.0
56.54694013673504,878.2041020510255,3.0
56.57928964482241,878.6893446723361,3.0
56.61163915290979,879.1745872936468,3.0
56.64398866099716,879.6598299149574,3.0
56.67633816908454,880.1450725362681,3.0
56.70868767717192,880.6303151575788,3.0
56.741037185259295,881.1155577788894,3.0
56.77338669334667,881.6008004002001,3.0
56.805736201434044,882.0860430215107,3.0
56.83808570952143,882.5712856428214,3.0
56.8704352176088,883.056528264132,3.0
56.90278472569618,883.5417708854427,3.0
56.93513423378356,884.0270135067534,3.0
56.967483741870936,884.512256128064,3.0
56.999833249958314,884.9974987493747,3.0
57.032182758045685,885.4827413706853,3.0
57.064532266133064,885.967983991996,3.0
57.09688177422044,886.4532266133066,3.0
57.12923128230782,886.9384692346173,3.0
57.1615807903952,887.423711855928,3.0
57.19393029848257,887.9089544772386,3.0
57.226279806569956,888.3941970985493,3.0
57.25862931465733,888.8794397198599,3.0
57.290978822744705,889.3646823411706,3.0
57.323328330832084,889.8499249624813,3.0
57.355677838919455,890.3351675837919,3.0
57.38802734700684,890.8204102051026,3.0
57.42037685509421,891.3056528264132,3.0
57.45272636318159,891.7908954477239,3.0
57.48507587126896,892.2761380690345,3.0
57.51742537935635,892.7613806903452,3.0
57.549774887443725,893.2466233116559,3.0
57.582124395531096,893.7318659329665,3.0
57.614473903618475,894.2171085542772,3.0
57.64682341170585,894.7023511755878,3.0
57.67917291979323,895.1875937968985,3.0
57.7115224278806,895.672836418209,3.0
57.74387193596798,896.1580790395197,3.0
57.776221444055366,896.6433216608305,3.0
57.80857095214274,897.128564282141,3.0
57.840920460230116,897.6138069034517,3.0
57.87326996831749,898.0990495247623,3.0
57.90561947640487,898.584292146073,3.0
57.937968984492244,899.0695347673836,3.0
57.97031849257962,899.5547773886943,3.0
58.002668000667,900.040020010005,3.0
58.03501750875437,900.5252626313156,3.0
58.06736701684176,901.0105052526263,3.0
58.09971652492913,901.4957478739369,3.0
58.13206603301651,901.9809904952476,3.0
58.16441554110388,902.4662331165582,3.0
58.196765049191264,902.9514757378689,3.0
58.22911455727864,903.4367183591796,3.0
58.26146406536601,903.9219609804902,3.0
58.29381357345339,904.4072036018009,3.0
58.32616308154077,904.8924462231115,3.0
58.35851258962815,905.3776888444222,3.0
58.39086209771552,905.8629314657328,3.0
58.4232116058029,906.3481740870435,3.0
58.45556111389028,906.8334167083542,3.0
58.487910621977655,907.3186593296648,3.0
58.52026013006503,907.8039019509755,3.0
58.552609638152404,908.2891445722861,3.0
58.58495914623979,908.7743871935968,3.0
58.61730865432716,909.2596298149074,3.0
58.64965816241454,909.7448724362181,3.0
58.68200767050192,910.2301150575288,3.0
58.71435717858929,910.7153576788394,3.0
58.746706686676674,911.2006003001501,3.0
58.779056194764046,911.6858429214607,3.0
58.811405702851424,912.1710855427714,3.0
58.8437552109388,912.6563281640821,3.0
58.87610471902618,913.1415707853927,3.0
58.90845422711356,913.6268134067034,3.0
58.94080373520093,914.112056028014,3.0
58.97315324328831,914.5972986493247,3.0
59.00550275137569,915.0825412706353,3.0
59.037852259463065,915.567783891946,3.0
59.070201767550444,916.0530265132567,3.0
59.102551275637815,916.5382691345673,3.0
59.1349007837252,917.023511755878,3.0
59.16725029181257,917.5087543771886,3.0
59.19959979989995,917.9939969984993,3.0
59.23194930798732,918.4792396198098,3.0
59.26429881607471,918.9644822411205,3.0
59.296648324162085,919.4497248624313,3.0
59.328997832249456,919.9349674837418,3.0
59.361347340336835,920.4202101050525,3.0
59.393696848424206,920.9054527263631,3.0
59.42604635651159,921.3906953476738,3.0
59.45839586459896,921.8759379689844,3.0
59.49074537268634,922.3611805902951,3.0
59.52309488077372,922.8464232116058,3.0
59.5554443888611,923.3316658329164,3.0
59.587793896948476,923.8169084542271,3.0
59.62014340503585,924.3021510755377,3.0
59.652492913123226,924.7873936968484,3.0
59.684842421210604,925.272636318159,3.0
59.71719192929798,925.7578789394697,3.0
59.74954143738536,926.2431215607804,3.0
59.78189094547273,926.728364182091,3.0
59.81424045356012,927.2136068034017,3.0
59.84658996164749,927.6988494247123,3.0
59.87893946973487,928.184092046023,3.0
59.91128897782224,928.6693346673336,3.0
59.943638485909624,929.1545772886443,3.0
59.975987993997,929.639819909955,3.0
60.00833750208437,930.1250625312656,3.0
60.04068701017175,930.6103051525763,3.0
60.07303651825912,931.0955477738869,3.0
60.10538602634651,931.5807903951976,3.0
60.13773553443388,932.0660330165082,3.0
60.17008504252126,932.5512756378189,3.0
60.202434550608636,933.0365182591296,3.0
60.234784058696015,933.5217608804402,3.0
60.26713356678339,934.0070035017509,3.0
60.299483074870764,934.4922461230615,3.0
60.33183258295814,934.9774887443722,3.0
60.36418209104552,935.4627313656828,3.0
60.3965315991329,935.9479739869935,3.0
60.42888110722028,936.4332166083042,3.0
60.46123061530765,936.9184592296148,3.0
60.493580123395034,937.4037018509255,3.0
60.525929631482406,937.8889444722361,3.0
60.558279139569784,938.3741870935468,3.0
60.59062864765716,938.8594297148575,3.0
60.62297815574454,939.3446723361681,3.0
60.65532766383192,939.8299149574788,3.0
60.68767717191929,940.3151575787894,3.0
60.72002668000667,940.8004002001001,3.0
60.75237618809404,941.2856428214106,3.0
60.784725696181425,941.7708854427214,3.0
60.817075204268804,942.256128064032,3.0
60.849424712356175,942.7413706853426,3.0
60.88177422044355,943.2266133066533,3.0
60.91412372853093,943.7118559279639,3.0
60.94647323661831,944.1970985492746,3.0
60.97882274470568,944.6823411705852,3.0
61.01117225279306,945.1675837918959,3.0
61.043521760880445,945.6528264132066,3.0
61.075871268967816,946.1380690345172,3.0
61.108220777055195,946.6233116558279,3.0
61.140570285142566,947.1085542771385,3.0
61.17291979322995,947.5937968984492,3.0
61.20526930131732,948.0790395197598,3.0
61.2376188094047,948.5642821410705,3.0
61.26996831749208,949.0495247623812,3.0
61.30231782557946,949.5347673836918,3.0
61.334667333666836,950.0200100050025,3.0
61.36701684175421,950.5052526263131,3.0
61.399366349841586,950.9904952476238,3.0
61.43171585792896,951.4757378689344,3.0
61.46406536601634,951.9609804902451,3.0
61.49641487410372,952.4462231115558,3.0
61.52876438219109,952.9314657328664,3.0
61.56111389027847,953.4167083541771,3.0
61.59346339836585,953.9019509754877,3.0
61.62581290645323,954.3871935967984,3.0
61.6581624145406,954.872436218109,3.0
61.69051192262798,955.3576788394197,3.0
61.72286143071536,955.8429214607304,3.0
61.75521093880273,956.328164082041,3.0
61.78756044689011,956.8134067033517,3.0
61.81990995497748,957.2986493246623,3.0
61.85225946306487,957.783891945973,3.0
61.88460897115224,958.2691345672836,3.0
61.91695847923962,958.7543771885943,3.0
61.949307987326996,959.239619809905,3.0
61.981657495414375,959.7248624312156,3.0
62.01400700350175,960.2101050525263,3.0
62.046356511589124,960.6953476738369,3.0
62.0787060196765,961.1805902951476,3.0
62.111055527763874,961.6658329164582,3.0
62.14340503585126,962.1510755377689,3.0
62.17575454393864,962.6363181590796,3.0
62.20810405202601,963.1215607803902,3.0
62.24045356011339,963.6068034017009,3.0
62.272803068200766,964.0920460230114,3.0
62.305152576288144,964.5772886443222,3.0
62.33750208437552,965.0625312656329,3.0
62.369851592462894,965.5477738869434,3.0
62.40220110055028,966.0330165082541,3.0
62.43455060863765,966.5182591295647,3.0
62.46690011672503,967.0035017508754,3.0
62.4992496248124,967.488744372186,3.0
62.531599132899785,967.9739869934967,3.0
62.563948640987164,968.4592296148074,3.0
62.596298149074535,968.944472236118,3.0
62.62864765716191,969.4297148574287,3.0
62.66099716524929,969.9149574787393,3.0
62.69334667333667,970.40020010005,3.0
62.72569618142404,970.8854427213606,3.0
62.75804568951142,971.3706853426713,3.0
62.790395197598805,971.855927963982,3.0
62.822744705686176,972.3411705852926,3.0
62.855094213773555,972.8264132066033,3.0
62.887443721860926,973.3116558279139,3.0
62.919793229948304,973.7968984492246,3.0
62.95214273803568,974.2821410705352,3.0
62.98449224612306,974.7673836918459,3.0
63.01684175421044,975.2526263131566,3.0
63.04919126229781,975.7378689344672,3.0
63.081540770385196,976.2231115557779,3.0
63.11389027847257,976.7083541770885,3.0
63.146239786559946,977.1935967983992,3.0
63.17858929464732,977.6788394197098,3.0
63.2109388027347,978.1640820410205,3.0
63.24328831082208,978.6493246623312,3.0
63.27563781890945,979.1345672836418,3.0
63.30798732699683,979.6198099049525,3.0
63.34033683508421,980.1050525262631,3.0
63.37268634317159,980.5902951475738,3.0
63.40503585125896,981.0755377688844,3.0
63.43738535934634,981.5607803901951,3.0
63.46973486743372,982.0460230115058,3.0
63.50208437552109,982.5312656328164,3.0
63.53443388360847,983.0165082541271,3.0
63.56678339169584,983.5017508754377,3.0
63.59913289978322,983.9869934967484,3.0
63.6314824078706,984.472236118059,3.0
63.66383191595798,984.9574787393697,3.0
63.696181424045356,985.4427213606804,3.0
63.72853093213273,985.927963981991,3.0
63.76088044022011,986.4132066033017,3.0
63.793229948307484,986.8984492246122,3.0
63.82557945639486,987.383691845923,3.0
63.85792896448224,987.8689344672337,3.0
63.89027847256962,988.3541770885442,3.0
63.922627980657,988.839419709855,3.0
63.95497748874437,989.3246623311655,3.0
63.98732699683175,989.8099049524762,3.0
64.01967650491912,990.2951475737868,3.0
64.0520260130065,990.7803901950975,3.0
64.08437552109389,991.2656328164082,3.0
64.11672502918125,991.7508754377188,3.0
64.14907453726863,992.2361180590295,3.0
64.18142404535601,992.7213606803401,3.0
64.21377355344339,993.2066033016508,3.0
64.24612306153077,993.6918459229614,3.0
64.27847256961815,994.1770885442721,3.0
64.31082207770552,994.6623311655828,3.0
64.34317158579289,995.1475737868934,3.0
64.37552109388028,995.6328164082041,3.0
64.40787060196764,996.1180590295147,3.0
64.44022011005502,996.6033016508254,3.0
64.4725696181424,997.088544272136,3.0
64.50491912622978,997.5737868934467,3.0
64.53726863431716,998.0590295147574,3.0
64.56961814240454,998.544272136068,3.0
64.60196765049191,999.0295147573787,3.0
64.6343171585793,999.5147573786893,3.0
64.66666666666667,1000.0,3.0
